Id,Name,Submitted-At,Started-At,Stopped-At,Op-Info,State,Detailed State
w1,fillCluster,2019-06-06 13:33:33,2019-06-06 13:33:33,2019-06-06 14:55:20,init prepare,cancelled,queuing @ 2019-06-06 13:33:33,processing @ 2019-06-06 13:33:33,cancelled @ 2019-06-06 14:55:20
w2,fillCluster,2019-06-06 15:10:21,2019-06-06 15:10:21,2019-06-07 02:08:25,init prepare,cancelled,queuing @ 2019-06-06 15:10:21,processing @ 2019-06-06 15:10:21,cancelled @ 2019-06-07 02:08:25
w3,fillCluster,2019-06-07 02:12:57,2019-06-07 02:12:57,2019-06-07 13:02:25,init prepare,cancelled,queuing @ 2019-06-07 02:12:57,processing @ 2019-06-07 02:12:57,cancelled @ 2019-06-07 13:02:25
w4,fillCluster,2019-06-07 13:52:38,2019-06-07 13:52:38,2019-06-07 13:59:09,init prepare,finished,queuing @ 2019-06-07 13:52:38,processing @ 2019-06-07 13:52:38,finished @ 2019-06-07 13:59:09
w5,fillCluster,2019-06-07 14:09:51,2019-06-07 14:09:51,2019-06-07 14:15:57,init prepare,finished,queuing @ 2019-06-07 14:09:51,processing @ 2019-06-07 14:09:51,finished @ 2019-06-07 14:15:57
w6,fillCluster,2019-06-07 14:28:23,2019-06-07 14:28:23,2019-06-07 20:42:29,init prepare,failed,queuing @ 2019-06-07 14:28:23,processing @ 2019-06-07 14:28:23,failed @ 2019-06-07 20:42:29
w7,hybridSS,2019-06-08 12:49:39,2019-06-08 12:49:39,2019-06-08 13:49:52,read list write delete,failed,queuing @ 2019-06-08 12:49:39,processing @ 2019-06-08 12:49:39,failed @ 2019-06-08 13:49:52
w8,hybrid2x,2019-06-08 13:50:23,2019-06-08 13:50:23,2019-06-09 01:50:42,read list write delete,failed,queuing @ 2019-06-08 13:50:23,processing @ 2019-06-08 13:50:23,failed @ 2019-06-09 01:50:42
w9,hybridSS,2019-06-09 01:51:10,2019-06-09 01:51:10,2019-06-09 02:51:23,read list write delete,failed,queuing @ 2019-06-09 01:51:10,processing @ 2019-06-09 01:51:10,failed @ 2019-06-09 02:51:23
w10,delWrite2hr,2019-06-09 02:51:59,2019-06-09 02:51:59,2019-06-09 04:52:17,write delete,finished,queuing @ 2019-06-09 02:51:59,processing @ 2019-06-09 02:51:59,finished @ 2019-06-09 04:52:17
w11,fillCluster,2019-06-09 14:02:18,2019-06-09 14:02:18,2019-06-09 20:18:09,init prepare,failed,queuing @ 2019-06-09 14:02:18,processing @ 2019-06-09 14:02:18,failed @ 2019-06-09 20:18:09
w12,hybridSS,2019-06-09 20:18:29,2019-06-09 20:18:29,2019-06-09 21:18:37,read list write delete,finished,queuing @ 2019-06-09 20:18:29,processing @ 2019-06-09 20:18:29,finished @ 2019-06-09 21:18:37
w13,hybrid2x,2019-06-09 21:19:03,2019-06-09 21:19:03,2019-06-11 21:19:15,read list write delete,finished,queuing @ 2019-06-09 21:19:03,processing @ 2019-06-09 21:19:03,finished @ 2019-06-11 21:19:15
w14,hybridSS,2019-06-11 21:19:48,2019-06-11 21:19:48,2019-06-11 22:20:01,read list write delete,finished,queuing @ 2019-06-11 21:19:48,processing @ 2019-06-11 21:19:48,finished @ 2019-06-11 22:20:01
w15,delWrite2hr,2019-06-11 22:20:35,2019-06-11 22:20:35,2019-06-12 00:20:48,write delete,finished,queuing @ 2019-06-11 22:20:35,processing @ 2019-06-11 22:20:35,finished @ 2019-06-12 00:20:48
w16,hybridSS,2019-07-26 14:23:13,2019-07-26 14:23:13,2019-07-26 14:23:14,read list write delete,terminated,queuing @ 2019-07-26 14:23:13,processing @ 2019-07-26 14:23:13,terminated @ 2019-07-26 14:23:14
w17,hybrid2x,2019-07-26 14:23:39,2019-07-26 14:23:39,2019-07-26 14:23:39,read list write delete,terminated,queuing @ 2019-07-26 14:23:39,processing @ 2019-07-26 14:23:39,terminated @ 2019-07-26 14:23:39
w18,hybridSS,2019-07-26 14:24:05,2019-07-26 14:24:05,2019-07-26 14:24:05,read list write delete,terminated,queuing @ 2019-07-26 14:24:05,processing @ 2019-07-26 14:24:05,terminated @ 2019-07-26 14:24:05
w19,hybridSS,2019-07-26 14:53:59,2019-07-26 14:53:59,2019-07-26 14:53:59,read list write delete,terminated,queuing @ 2019-07-26 14:53:59,processing @ 2019-07-26 14:53:59,terminated @ 2019-07-26 14:53:59
w20,hybridSS,2019-07-26 16:53:49,2019-07-26 16:53:49,2019-07-26 17:54:03,read list write delete,failed,queuing @ 2019-07-26 16:53:49,processing @ 2019-07-26 16:53:49,failed @ 2019-07-26 17:54:03
w21,hybrid2x,2019-07-26 17:54:26,2019-07-26 17:54:26,2019-07-26 20:24:03,read list write delete,cancelled,queuing @ 2019-07-26 17:54:26,processing @ 2019-07-26 17:54:26,cancelled @ 2019-07-26 20:24:03
w22,hybridSS,2019-07-26 20:24:30,2019-07-26 20:24:30,2019-07-26 21:24:38,read list write delete,failed,queuing @ 2019-07-26 20:24:30,processing @ 2019-07-26 20:24:30,failed @ 2019-07-26 21:24:38
w23,hybridSS,2019-07-26 21:56:40,2019-07-26 21:56:40,2019-07-26 22:56:53,read list write delete,failed,queuing @ 2019-07-26 21:56:40,processing @ 2019-07-26 21:56:40,failed @ 2019-07-26 22:56:53
w24,emptyCluster,2019-07-29 13:43:55,2019-07-29 13:43:55,2019-07-29 13:45:28,cleanup,finished,queuing @ 2019-07-29 13:43:55,processing @ 2019-07-29 13:43:55,finished @ 2019-07-29 13:45:28
w25,fillCluster,2019-07-29 13:50:46,2019-07-29 13:50:46,2019-07-29 13:50:46,init prepare,terminated,queuing @ 2019-07-29 13:50:46,processing @ 2019-07-29 13:50:46,terminated @ 2019-07-29 13:50:46
w26,fillCluster,2019-07-29 13:59:13,2019-07-29 13:59:13,2019-07-29 14:02:56,prepare,cancelled,queuing @ 2019-07-29 13:59:13,processing @ 2019-07-29 13:59:13,cancelled @ 2019-07-29 14:02:56
w30,fillHACK2,2019-07-29 14:32:27,2019-07-29 14:32:27,2019-07-29 14:36:27,write,cancelled,queuing @ 2019-07-29 14:32:27,processing @ 2019-07-29 14:32:27,cancelled @ 2019-07-29 14:36:27
w31,emptyPartial,2019-08-01 17:51:28,2019-08-01 17:51:28,2019-08-01 17:58:01,cleanup,finished,queuing @ 2019-08-01 17:51:28,processing @ 2019-08-01 17:51:28,finished @ 2019-08-01 17:58:01
w33,reWrite,2019-08-01 18:06:49,2019-08-01 18:06:50,2019-08-02 01:30:08,write,finished,queuing @ 2019-08-01 18:06:49,processing @ 2019-08-01 18:06:50,finished @ 2019-08-02 01:30:08
w34,hybridSS,2019-08-02 20:06:58,2019-08-02 20:06:58,2019-08-02 21:07:06,read list write delete,finished,queuing @ 2019-08-02 20:06:58,processing @ 2019-08-02 20:06:58,finished @ 2019-08-02 21:07:06
w35,hybrid2x,2019-08-02 21:20:28,2019-08-02 21:20:28,2019-08-04 21:20:46,read list write delete,finished,queuing @ 2019-08-02 21:20:28,processing @ 2019-08-02 21:20:28,finished @ 2019-08-04 21:20:46
w36,hybridSS,2019-08-04 21:32:15,2019-08-04 21:32:15,2019-08-04 22:32:23,read list write delete,finished,queuing @ 2019-08-04 21:32:15,processing @ 2019-08-04 21:32:15,finished @ 2019-08-04 22:32:23
w37,delWrite2hr,2019-08-05 14:43:58,2019-08-05 14:43:58,2019-08-05 16:44:11,write delete,finished,queuing @ 2019-08-05 14:43:58,processing @ 2019-08-05 14:43:58,finished @ 2019-08-05 16:44:11
w38,emptyPartial,2019-08-05 20:22:02,2019-08-05 20:22:02,2019-08-05 20:28:50,cleanup,finished,queuing @ 2019-08-05 20:22:02,processing @ 2019-08-05 20:22:02,finished @ 2019-08-05 20:28:50
w39,reWrite,2019-08-05 20:30:18,2019-08-05 20:30:18,2019-08-06 04:00:22,write,finished,queuing @ 2019-08-05 20:30:18,processing @ 2019-08-05 20:30:18,finished @ 2019-08-06 04:00:22
w40,verify,2019-08-06 13:41:46,2019-08-06 13:41:46,2019-08-06 22:15:00,read,finished,queuing @ 2019-08-06 13:41:46,processing @ 2019-08-06 13:41:46,finished @ 2019-08-06 22:15:00
w41,verify,2019-08-07 01:02:40,2019-08-07 01:02:40,2019-08-07 09:35:38,read,finished,queuing @ 2019-08-07 01:02:40,processing @ 2019-08-07 01:02:40,finished @ 2019-08-07 09:35:38
w42,fillCluster,2019-08-08 12:32:48,2019-08-08 12:32:48,2019-08-08 12:32:49,init prepare,terminated,queuing @ 2019-08-08 12:32:48,processing @ 2019-08-08 12:32:48,terminated @ 2019-08-08 12:32:49
w43,fillCluster,2019-08-08 13:08:04,2019-08-08 13:08:04,2019-08-08 13:08:04,init prepare,terminated,queuing @ 2019-08-08 13:08:04,processing @ 2019-08-08 13:08:04,terminated @ 2019-08-08 13:08:04
w44,fillCluster,2019-08-09 10:44:53,2019-08-09 10:44:53,2019-08-09 12:27:12,init prepare,cancelled,queuing @ 2019-08-09 10:44:53,processing @ 2019-08-09 10:44:53,cancelled @ 2019-08-09 12:27:12
w45,emptyCluster,2019-08-09 14:42:36,2019-08-09 14:42:36,2019-08-09 14:42:36,cleanup dispose,terminated,queuing @ 2019-08-09 14:42:36,processing @ 2019-08-09 14:42:36,terminated @ 2019-08-09 14:42:36
w46,emptyCluster,2019-08-09 14:44:54,2019-08-09 14:44:54,2019-08-09 14:48:10,cleanup dispose,finished,queuing @ 2019-08-09 14:44:54,processing @ 2019-08-09 14:44:54,finished @ 2019-08-09 14:48:10
w47,emptyCluster,2019-08-09 18:33:37,2019-08-09 18:33:37,2019-08-09 18:35:42,cleanup dispose,finished,queuing @ 2019-08-09 18:33:37,processing @ 2019-08-09 18:33:37,finished @ 2019-08-09 18:35:42
w48,emptyCluster,2019-08-09 18:36:31,2019-08-09 18:36:31,2019-08-09 18:37:48,cleanup dispose,cancelled,queuing @ 2019-08-09 18:36:31,processing @ 2019-08-09 18:36:31,cancelled @ 2019-08-09 18:37:48
w49,emptyCluster,2019-08-09 18:38:27,2019-08-09 18:38:27,2019-08-09 18:40:33,cleanup dispose,finished,queuing @ 2019-08-09 18:38:27,processing @ 2019-08-09 18:38:27,finished @ 2019-08-09 18:40:33
w50,fillCluster,2019-08-09 19:01:06,2019-08-09 19:01:06,2019-08-10 01:10:18,init prepare,cancelled,queuing @ 2019-08-09 19:01:06,processing @ 2019-08-09 19:01:06,cancelled @ 2019-08-10 01:10:18
w51,fillCluster,2019-08-13 23:47:21,2019-08-13 23:47:21,2019-08-14 06:52:52,init prepare,finished,queuing @ 2019-08-13 23:47:21,processing @ 2019-08-13 23:47:21,finished @ 2019-08-14 06:52:52
w52,hybridSS,2019-08-15 13:47:44,2019-08-15 13:47:44,2019-08-15 14:47:52,read list write delete,finished,queuing @ 2019-08-15 13:47:44,processing @ 2019-08-15 13:47:44,finished @ 2019-08-15 14:47:52
w53,hybrid2x,2019-08-15 14:56:04,2019-08-15 14:56:04,2019-08-17 14:56:21,read list write delete,finished,queuing @ 2019-08-15 14:56:04,processing @ 2019-08-15 14:56:04,finished @ 2019-08-17 14:56:21
w54,hybridSS,2019-08-17 14:56:51,2019-08-17 14:56:51,2019-08-17 15:56:59,read list write delete,finished,queuing @ 2019-08-17 14:56:51,processing @ 2019-08-17 14:56:51,finished @ 2019-08-17 15:56:59
w55,delWrite2hr,2019-08-19 15:06:48,2019-08-19 15:06:48,2019-08-19 17:07:01,write delete,finished,queuing @ 2019-08-19 15:06:48,processing @ 2019-08-19 15:06:48,finished @ 2019-08-19 17:07:01
w56,read,2019-08-22 15:18:18,2019-08-22 15:18:18,2019-08-22 15:23:31,read,finished,queuing @ 2019-08-22 15:18:18,processing @ 2019-08-22 15:18:18,finished @ 2019-08-22 15:23:31
w57,hybrid2x,2019-08-23 18:00:52,2019-08-23 18:00:52,2019-08-25 18:01:04,read list write delete,finished,queuing @ 2019-08-23 18:00:52,processing @ 2019-08-23 18:00:52,finished @ 2019-08-25 18:01:04
w58,emptyCluster,2019-08-26 18:20:00,2019-08-26 18:20:00,2019-08-26 19:53:06,cleanup dispose,finished,queuing @ 2019-08-26 18:20:00,processing @ 2019-08-26 18:20:00,finished @ 2019-08-26 19:53:06
w59,fillCluster,2019-08-28 14:19:19,2019-08-28 14:19:19,2019-08-28 21:30:36,init prepare,finished,queuing @ 2019-08-28 14:19:19,processing @ 2019-08-28 14:19:19,finished @ 2019-08-28 21:30:36
w60,hybridSS,2019-08-29 13:36:01,2019-08-29 13:36:01,2019-08-29 14:36:09,read list write delete,finished,queuing @ 2019-08-29 13:36:01,processing @ 2019-08-29 13:36:01,finished @ 2019-08-29 14:36:09
w61,hybrid2x,2019-08-29 14:39:28,2019-08-29 14:39:28,2019-08-31 14:39:41,read list write delete,finished,queuing @ 2019-08-29 14:39:28,processing @ 2019-08-29 14:39:28,finished @ 2019-08-31 14:39:41
w62,hybridSS,2019-08-31 15:12:17,2019-08-31 15:12:17,2019-08-31 16:12:25,read list write delete,finished,queuing @ 2019-08-31 15:12:17,processing @ 2019-08-31 15:12:17,finished @ 2019-08-31 16:12:25
w63,delWrite2hr,2019-09-03 14:35:31,2019-09-03 14:35:31,2019-09-03 16:35:45,write delete,finished,queuing @ 2019-09-03 14:35:31,processing @ 2019-09-03 14:35:31,finished @ 2019-09-03 16:35:45
w64,emptyCluster,2019-09-04 15:31:05,2019-09-04 15:31:05,2019-09-04 17:08:51,cleanup dispose,finished,queuing @ 2019-09-04 15:31:05,processing @ 2019-09-04 15:31:05,finished @ 2019-09-04 17:08:51
w65,fillCluster,2019-09-05 16:09:40,2019-09-05 16:09:40,2019-09-05 23:16:46,init prepare,finished,queuing @ 2019-09-05 16:09:40,processing @ 2019-09-05 16:09:40,finished @ 2019-09-05 23:16:46
w66,hybrid2x,2019-09-06 19:04:48,2019-09-06 19:04:48,2019-09-08 19:05:05,read list write delete,finished,queuing @ 2019-09-06 19:04:48,processing @ 2019-09-06 19:04:48,finished @ 2019-09-08 19:05:05
w67,hybridSS,2019-09-09 15:51:10,2019-09-09 15:51:10,2019-09-09 16:51:18,read list write delete,finished,queuing @ 2019-09-09 15:51:10,processing @ 2019-09-09 15:51:10,finished @ 2019-09-09 16:51:18
w68,emptyCluster,2019-09-12 15:37:49,2019-09-12 15:37:49,2019-09-12 17:02:15,cleanup dispose,finished,queuing @ 2019-09-12 15:37:49,processing @ 2019-09-12 15:37:49,finished @ 2019-09-12 17:02:15
w69,fillCluster,2019-09-12 18:35:07,2019-09-12 18:35:07,2019-09-12 18:35:07,init prepare,terminated,queuing @ 2019-09-12 18:35:07,processing @ 2019-09-12 18:35:07,terminated @ 2019-09-12 18:35:07
w70,fillCluster,2019-09-12 18:39:25,2019-09-12 18:39:25,2019-09-12 18:39:25,init prepare,terminated,queuing @ 2019-09-12 18:39:25,processing @ 2019-09-12 18:39:25,terminated @ 2019-09-12 18:39:25
w71,fillCluster,2019-09-12 19:22:14,2019-09-12 19:22:14,2019-09-12 19:29:05,init prepare,cancelled,queuing @ 2019-09-12 19:22:14,processing @ 2019-09-12 19:22:14,cancelled @ 2019-09-12 19:29:05
w72,fillCluster,2019-09-16 13:41:54,2019-09-16 13:41:54,2019-09-16 20:50:17,init prepare,finished,queuing @ 2019-09-16 13:41:54,processing @ 2019-09-16 13:41:54,finished @ 2019-09-16 20:50:17
w73,hybridSS,2019-09-17 13:53:35,2019-09-17 13:53:35,2019-09-17 14:00:34,read list write delete,cancelled,queuing @ 2019-09-17 13:53:35,processing @ 2019-09-17 13:53:35,cancelled @ 2019-09-17 14:00:34
w74,hybridSS,2019-09-17 14:31:42,2019-09-17 14:31:42,2019-09-17 15:31:50,read list write delete,finished,queuing @ 2019-09-17 14:31:42,processing @ 2019-09-17 14:31:42,finished @ 2019-09-17 15:31:50
w75,hybrid2x,2019-09-17 18:09:11,2019-09-17 18:09:11,2019-09-17 18:09:41,read list write delete,terminated,queuing @ 2019-09-17 18:09:11,processing @ 2019-09-17 18:09:11,terminated @ 2019-09-17 18:09:41
w76,hybridSS,2019-09-18 13:31:31,2019-09-18 13:31:31,2019-09-18 13:32:01,read list write delete,terminated,queuing @ 2019-09-18 13:31:31,processing @ 2019-09-18 13:31:31,terminated @ 2019-09-18 13:32:01
w77,hybridSS,2019-09-18 19:34:17,2019-09-18 19:34:17,2019-09-18 19:39:25,read list write delete,finished,queuing @ 2019-09-18 19:34:17,processing @ 2019-09-18 19:34:17,finished @ 2019-09-18 19:39:25
w78,hybridSS,2019-09-20 15:37:23,2019-09-20 15:37:23,2019-09-20 16:37:31,read list write delete,finished,queuing @ 2019-09-20 15:37:23,processing @ 2019-09-20 15:37:23,finished @ 2019-09-20 16:37:31
w79,hybrid2x,2019-09-20 19:05:18,2019-09-20 19:05:18,2019-09-22 19:05:36,read list write delete,finished,queuing @ 2019-09-20 19:05:18,processing @ 2019-09-20 19:05:18,finished @ 2019-09-22 19:05:36
w80,hybridSS,2019-09-23 13:43:03,2019-09-23 13:43:03,2019-09-23 14:43:16,read list write delete,finished,queuing @ 2019-09-23 13:43:03,processing @ 2019-09-23 13:43:03,finished @ 2019-09-23 14:43:16
w81,hybrid2x,2019-09-24 00:59:31,2019-09-24 00:59:31,2019-09-26 00:59:49,read list write delete,finished,queuing @ 2019-09-24 00:59:31,processing @ 2019-09-24 00:59:31,finished @ 2019-09-26 00:59:49
w82,hybridSS,2019-09-26 14:21:20,2019-09-26 14:21:20,2019-09-26 15:15:04,read list write delete,cancelled,queuing @ 2019-09-26 14:21:20,processing @ 2019-09-26 14:21:20,cancelled @ 2019-09-26 15:15:04
w83,hybridSS,2019-09-26 16:28:53,2019-09-26 16:28:53,2019-09-26 17:29:01,read list write delete,finished,queuing @ 2019-09-26 16:28:53,processing @ 2019-09-26 16:28:53,finished @ 2019-09-26 17:29:01
w84,emptyCluster,2019-10-01 17:04:06,2019-10-01 17:04:06,2019-10-01 18:16:43,cleanup dispose,finished,queuing @ 2019-10-01 17:04:06,processing @ 2019-10-01 17:04:06,finished @ 2019-10-01 18:16:43
w85,BBmockChange,2019-10-04 17:44:44,2019-10-04 17:44:44,2019-10-04 17:46:19,init prepare write delete cleanup dispose,finished,queuing @ 2019-10-04 17:44:44,processing @ 2019-10-04 17:44:44,finished @ 2019-10-04 17:46:19
w86,BBmockChange,2019-10-04 17:53:38,2019-10-04 17:53:39,2019-10-04 18:02:33,init prepare write delete cleanup dispose,finished,queuing @ 2019-10-04 17:53:38,processing @ 2019-10-04 17:53:39,finished @ 2019-10-04 18:02:33
w87,BBmockChange,2019-10-04 18:19:34,2019-10-04 18:19:34,2019-10-04 18:26:14,init prepare write delete cleanup dispose,finished,queuing @ 2019-10-04 18:19:34,processing @ 2019-10-04 18:19:34,finished @ 2019-10-04 18:26:14
w88,fillCluster,2019-10-07 20:05:49,2019-10-07 20:05:49,2019-10-07 20:06:45,init prepare,finished,queuing @ 2019-10-07 20:05:49,processing @ 2019-10-07 20:05:49,finished @ 2019-10-07 20:06:45
w89,fillCluster,2019-10-08 13:48:41,2019-10-08 13:48:41,2019-10-08 13:49:37,init prepare,finished,queuing @ 2019-10-08 13:48:41,processing @ 2019-10-08 13:48:41,finished @ 2019-10-08 13:49:37
w90,emptyPartial,2019-10-08 13:55:07,2019-10-08 13:55:07,2019-10-08 13:56:00,cleanup,finished,queuing @ 2019-10-08 13:55:07,processing @ 2019-10-08 13:55:07,finished @ 2019-10-08 13:56:00
w91,fillCluster,2019-10-08 14:18:07,2019-10-08 14:18:07,2019-10-08 15:20:53,init prepare,finished,queuing @ 2019-10-08 14:18:07,processing @ 2019-10-08 14:18:07,finished @ 2019-10-08 15:20:53
w92,delWrite2hr,2019-10-08 17:47:09,2019-10-08 17:47:09,2019-10-08 19:47:17,write delete,finished,queuing @ 2019-10-08 17:47:09,processing @ 2019-10-08 17:47:09,finished @ 2019-10-08 19:47:17
w93,fillCluster,2019-10-08 20:58:28,2019-10-08 20:58:28,2019-10-09 04:51:55,init prepare,finished,queuing @ 2019-10-08 20:58:28,processing @ 2019-10-08 20:58:28,finished @ 2019-10-09 04:51:55
w94,fillCluster,2019-10-09 08:38:11,2019-10-09 08:38:11,2019-10-09 13:01:52,init prepare,cancelled,queuing @ 2019-10-09 08:38:11,processing @ 2019-10-09 08:38:11,cancelled @ 2019-10-09 13:01:52
w95,emptyCluster,2019-10-09 13:10:31,2019-10-09 13:10:31,2019-10-09 15:24:40,cleanup dispose,cancelled,queuing @ 2019-10-09 13:10:31,processing @ 2019-10-09 13:10:31,cancelled @ 2019-10-09 15:24:40
w96,fillCluster,2019-10-09 16:25:42,2019-10-09 16:25:42,2019-10-09 17:30:20,init prepare,cancelled,queuing @ 2019-10-09 16:25:42,processing @ 2019-10-09 16:25:42,cancelled @ 2019-10-09 17:30:20
w97,fillCluster,2019-10-09 20:20:13,2019-10-09 20:20:13,2019-10-09 20:21:02,init prepare,cancelled,queuing @ 2019-10-09 20:20:13,processing @ 2019-10-09 20:20:13,cancelled @ 2019-10-09 20:21:02
w98,fillCluster,2019-10-10 17:05:02,2019-10-10 17:05:02,2019-10-10 17:13:41,init prepare,cancelled,queuing @ 2019-10-10 17:05:02,processing @ 2019-10-10 17:05:02,cancelled @ 2019-10-10 17:13:41
w99,fillCluster,2019-10-10 17:19:30,2019-10-10 17:19:30,2019-10-11 11:30:18,init prepare,cancelled,queuing @ 2019-10-10 17:19:30,processing @ 2019-10-10 17:19:30,cancelled @ 2019-10-11 11:30:18
w100,hybridSS-t1,2019-10-11 14:31:50,2019-10-11 14:31:50,2019-10-11 15:31:53,read list write delete,failed,queuing @ 2019-10-11 14:31:50,processing @ 2019-10-11 14:31:50,failed @ 2019-10-11 15:31:53
w101,emptyCluster,2019-10-11 18:30:20,2019-10-11 18:30:20,2019-10-11 18:51:55,cleanup dispose,cancelled,queuing @ 2019-10-11 18:30:20,processing @ 2019-10-11 18:30:20,cancelled @ 2019-10-11 18:51:55
w102,bb-fillCluster,2019-10-11 19:41:49,2019-10-11 19:41:49,2019-10-11 19:44:29,init prepare,cancelled,queuing @ 2019-10-11 19:41:49,processing @ 2019-10-11 19:41:49,cancelled @ 2019-10-11 19:44:29
w103,bb-fillCluster,2019-10-12 01:32:09,2019-10-12 01:32:09,2019-10-13 00:15:38,init prepare,finished,queuing @ 2019-10-12 01:32:09,processing @ 2019-10-12 01:32:09,finished @ 2019-10-13 00:15:38
w104,bb-hybridSS,2019-10-13 01:43:58,2019-10-13 01:43:58,2019-10-13 02:44:01,read list write delete,finished,queuing @ 2019-10-13 01:43:58,processing @ 2019-10-13 01:43:58,finished @ 2019-10-13 02:44:01
w105,bb-delWrite2hr,2019-10-13 05:49:33,2019-10-13 05:49:33,2019-10-13 07:49:41,write delete,finished,queuing @ 2019-10-13 05:49:33,processing @ 2019-10-13 05:49:33,finished @ 2019-10-13 07:49:41
w106,bb-emptyCluster,2019-10-14 14:56:49,2019-10-14 14:56:49,2019-10-14 18:41:55,cleanup dispose,cancelled,queuing @ 2019-10-14 14:56:49,processing @ 2019-10-14 14:56:49,cancelled @ 2019-10-14 18:41:55
w107,bb-fillCluster,2019-10-15 13:25:26,2019-10-15 13:25:26,2019-10-16 11:27:59,init prepare,finished,queuing @ 2019-10-15 13:25:26,processing @ 2019-10-15 13:25:26,finished @ 2019-10-16 11:27:59
w108,bb-fillCluster,2019-10-16 15:36:58,2019-10-16 15:36:58,2019-10-16 15:37:07,init prepare,terminated,queuing @ 2019-10-16 15:36:58,processing @ 2019-10-16 15:36:58,terminated @ 2019-10-16 15:37:07
w109,bb-emptyCluster,2019-10-16 16:12:19,2019-10-16 16:12:19,2019-10-16 16:42:27,cleanup dispose,cancelled,queuing @ 2019-10-16 16:12:19,processing @ 2019-10-16 16:12:19,cancelled @ 2019-10-16 16:42:27
w110,bb-fillCluster,2019-10-16 17:42:36,2019-10-16 17:42:36,2019-10-16 19:48:37,init prepare,finished,queuing @ 2019-10-16 17:42:36,processing @ 2019-10-16 17:42:36,finished @ 2019-10-16 19:48:37
w111,bb-fillCluster,2019-10-16 20:25:20,2019-10-16 20:25:20,2019-10-16 20:56:56,init prepare,finished,queuing @ 2019-10-16 20:25:20,processing @ 2019-10-16 20:25:20,finished @ 2019-10-16 20:56:56
w112,bb-fillCluster,2019-10-16 21:03:45,2019-10-16 21:03:45,2019-10-16 21:33:16,init prepare,finished,queuing @ 2019-10-16 21:03:45,processing @ 2019-10-16 21:03:45,finished @ 2019-10-16 21:33:16
w113,bb-hybridSS,2019-10-16 21:47:59,2019-10-16 21:47:59,2019-10-16 22:18:02,read list write delete,finished,queuing @ 2019-10-16 21:47:59,processing @ 2019-10-16 21:47:59,finished @ 2019-10-16 22:18:02
w114,bb-delWrite2hr,2019-10-16 22:21:46,2019-10-16 22:21:46,2019-10-16 22:51:49,write delete,finished,queuing @ 2019-10-16 22:21:46,processing @ 2019-10-16 22:21:46,finished @ 2019-10-16 22:51:49
w115,bb-fillCluster,2019-10-16 22:59:23,2019-10-16 22:59:23,2019-10-16 23:29:49,init prepare,finished,queuing @ 2019-10-16 22:59:23,processing @ 2019-10-16 22:59:23,finished @ 2019-10-16 23:29:49
w116,bb-fillCluster,2019-10-16 23:43:38,2019-10-16 23:43:38,2019-10-17 00:13:14,init prepare,finished,queuing @ 2019-10-16 23:43:38,processing @ 2019-10-16 23:43:38,finished @ 2019-10-17 00:13:14
w117,bb-hybridSS,2019-10-17 01:22:42,2019-10-17 01:22:42,2019-10-17 01:52:45,read list write delete,finished,queuing @ 2019-10-17 01:22:42,processing @ 2019-10-17 01:22:42,finished @ 2019-10-17 01:52:45
w118,bb-delWrite45m,2019-10-17 01:56:31,2019-10-17 01:56:31,2019-10-17 02:26:34,write delete,finished,queuing @ 2019-10-17 01:56:31,processing @ 2019-10-17 01:56:31,finished @ 2019-10-17 02:26:34
w119,bb-hybridSS,2019-10-17 09:21:16,2019-10-17 09:21:16,2019-10-17 09:51:19,read list write delete,failed,queuing @ 2019-10-17 09:21:16,processing @ 2019-10-17 09:21:16,failed @ 2019-10-17 09:51:19
w120,bb-delWrite,2019-10-17 09:55:08,2019-10-17 09:55:08,2019-10-17 10:25:11,write delete,finished,queuing @ 2019-10-17 09:55:08,processing @ 2019-10-17 09:55:08,finished @ 2019-10-17 10:25:11
w121,bb-hybridSS,2019-10-17 11:45:07,2019-10-17 11:45:07,2019-10-17 11:45:13,read list write delete,cancelled,queuing @ 2019-10-17 11:45:07,processing @ 2019-10-17 11:45:07,cancelled @ 2019-10-17 11:45:13
w122,bb-delWrite,2019-10-17 11:48:47,2019-10-17 11:48:47,2019-10-17 12:18:50,write delete,finished,queuing @ 2019-10-17 11:48:47,processing @ 2019-10-17 11:48:47,finished @ 2019-10-17 12:18:50
w123,bb-fillCluster,2019-10-17 12:27:39,2019-10-17 12:27:39,2019-10-17 12:56:25,init prepare,finished,queuing @ 2019-10-17 12:27:39,processing @ 2019-10-17 12:27:39,finished @ 2019-10-17 12:56:25
w124,bb-hybridSS,2019-10-17 13:00:10,2019-10-17 13:00:10,2019-10-17 13:30:13,read list write delete,finished,queuing @ 2019-10-17 13:00:10,processing @ 2019-10-17 13:00:10,finished @ 2019-10-17 13:30:13
w125,bb-fillCluster,2019-10-17 13:45:24,2019-10-17 13:45:24,2019-10-17 14:15:10,init prepare,finished,queuing @ 2019-10-17 13:45:24,processing @ 2019-10-17 13:45:24,finished @ 2019-10-17 14:15:10
w126,bb-hybridSS,2019-10-17 14:19:11,2019-10-17 14:19:11,2019-10-17 14:49:14,read list write delete,finished,queuing @ 2019-10-17 14:19:11,processing @ 2019-10-17 14:19:11,finished @ 2019-10-17 14:49:14
w127,bb-fillCluster,2019-10-17 14:59:34,2019-10-17 14:59:34,2019-10-17 15:29:00,init prepare,finished,queuing @ 2019-10-17 14:59:34,processing @ 2019-10-17 14:59:34,finished @ 2019-10-17 15:29:00
w128,bb-hybridSS,2019-10-17 15:33:13,2019-10-17 15:33:13,2019-10-17 16:03:16,read list write delete,finished,queuing @ 2019-10-17 15:33:13,processing @ 2019-10-17 15:33:13,finished @ 2019-10-17 16:03:16
w129,bb-fillCluster,2019-10-17 16:09:04,2019-10-17 16:09:04,2019-10-17 16:38:15,init prepare,finished,queuing @ 2019-10-17 16:09:04,processing @ 2019-10-17 16:09:04,finished @ 2019-10-17 16:38:15
w130,bb-hybridSS,2019-10-17 16:42:32,2019-10-17 16:42:32,2019-10-17 17:12:35,read list write delete,finished,queuing @ 2019-10-17 16:42:32,processing @ 2019-10-17 16:42:32,finished @ 2019-10-17 17:12:35
w131,bb-delWrite,2019-10-17 17:52:49,2019-10-17 17:52:49,2019-10-17 18:22:52,write delete,finished,queuing @ 2019-10-17 17:52:49,processing @ 2019-10-17 17:52:49,finished @ 2019-10-17 18:22:52
w132,bb-fillCluster,2019-10-18 01:10:06,2019-10-18 01:10:06,2019-10-18 01:39:37,init prepare,finished,queuing @ 2019-10-18 01:10:06,processing @ 2019-10-18 01:10:06,finished @ 2019-10-18 01:39:37
w133,bb-hybridSS,2019-10-18 01:43:33,2019-10-18 01:43:33,2019-10-18 02:13:36,read list write delete,finished,queuing @ 2019-10-18 01:43:33,processing @ 2019-10-18 01:43:33,finished @ 2019-10-18 02:13:36
w134,bb-delWrite,2019-10-18 02:17:21,2019-10-18 02:17:21,2019-10-18 02:47:24,write delete,finished,queuing @ 2019-10-18 02:17:21,processing @ 2019-10-18 02:17:21,finished @ 2019-10-18 02:47:24
w135,bb-fillCluster,2019-10-18 09:34:51,2019-10-18 09:34:51,2019-10-18 10:03:22,init prepare,finished,queuing @ 2019-10-18 09:34:51,processing @ 2019-10-18 09:34:51,finished @ 2019-10-18 10:03:22
w136,bb-hybridSS,2019-10-18 10:07:05,2019-10-18 10:07:05,2019-10-18 10:37:08,read list write delete,finished,queuing @ 2019-10-18 10:07:05,processing @ 2019-10-18 10:07:05,finished @ 2019-10-18 10:37:08
w137,bb-delWrite,2019-10-18 10:40:49,2019-10-18 10:40:49,2019-10-18 11:10:52,write delete,finished,queuing @ 2019-10-18 10:40:49,processing @ 2019-10-18 10:40:49,finished @ 2019-10-18 11:10:52
w138,bb-fillCluster,2019-10-18 11:35:51,2019-10-18 11:35:51,2019-10-18 12:04:37,init prepare,finished,queuing @ 2019-10-18 11:35:51,processing @ 2019-10-18 11:35:51,finished @ 2019-10-18 12:04:37
w139,bb-fillCluster,2019-10-18 12:14:47,2019-10-18 12:14:47,2019-10-18 12:43:28,init prepare,finished,queuing @ 2019-10-18 12:14:47,processing @ 2019-10-18 12:14:47,finished @ 2019-10-18 12:43:28
w140,bb-fillCluster,2019-10-18 12:48:38,2019-10-18 12:48:38,2019-10-18 13:16:49,init prepare,finished,queuing @ 2019-10-18 12:48:38,processing @ 2019-10-18 12:48:38,finished @ 2019-10-18 13:16:49
w141,bb-fillCluster,2019-10-18 13:22:46,2019-10-18 13:22:46,2019-10-18 13:28:34,init prepare,cancelled,queuing @ 2019-10-18 13:22:46,processing @ 2019-10-18 13:22:46,cancelled @ 2019-10-18 13:28:34
w142,bb-fillCluster,2019-10-18 13:36:42,2019-10-18 13:36:42,2019-10-18 14:05:03,init prepare,finished,queuing @ 2019-10-18 13:36:42,processing @ 2019-10-18 13:36:42,finished @ 2019-10-18 14:05:03
w143,bb-fillCluster,2019-10-18 14:13:14,2019-10-18 14:13:14,2019-10-18 14:41:55,init prepare,finished,queuing @ 2019-10-18 14:13:14,processing @ 2019-10-18 14:13:14,finished @ 2019-10-18 14:41:55
w144,bb-fillCluster,2019-10-18 14:46:06,2019-10-18 14:46:06,2019-10-18 15:02:36,init prepare,cancelled,queuing @ 2019-10-18 14:46:06,processing @ 2019-10-18 14:46:06,cancelled @ 2019-10-18 15:02:36
w145,bb-fillCluster,2019-10-18 15:09:45,2019-10-18 15:09:45,2019-10-18 15:38:11,init prepare,finished,queuing @ 2019-10-18 15:09:45,processing @ 2019-10-18 15:09:45,finished @ 2019-10-18 15:38:11
w146,bb-fillCluster,2019-10-18 15:50:16,2019-10-18 15:50:16,2019-10-18 16:18:17,init prepare,finished,queuing @ 2019-10-18 15:50:16,processing @ 2019-10-18 15:50:16,finished @ 2019-10-18 16:18:17
w147,bb-fillCluster,2019-10-18 17:04:06,2019-10-18 17:04:06,2019-10-18 17:32:37,init prepare,finished,queuing @ 2019-10-18 17:04:06,processing @ 2019-10-18 17:04:06,finished @ 2019-10-18 17:32:37
w148,bb-fillCluster,2019-10-18 17:39:35,2019-10-18 17:39:35,2019-10-18 18:08:41,init prepare,finished,queuing @ 2019-10-18 17:39:35,processing @ 2019-10-18 17:39:35,finished @ 2019-10-18 18:08:41
w149,bb-fillCluster,2019-10-18 18:20:31,2019-10-18 18:20:31,2019-10-18 18:47:42,init prepare,finished,queuing @ 2019-10-18 18:20:31,processing @ 2019-10-18 18:20:31,finished @ 2019-10-18 18:47:42
w150,bb-fillCluster,2019-10-18 22:52:13,2019-10-18 22:52:13,2019-10-20 21:22:59,init prepare,cancelled,queuing @ 2019-10-18 22:52:13,processing @ 2019-10-18 22:52:13,cancelled @ 2019-10-20 21:22:59
w151,bb-fillCluster,2019-10-21 19:21:36,2019-10-21 19:21:36,2019-10-21 19:21:52,init prepare,finished,queuing @ 2019-10-21 19:21:36,processing @ 2019-10-21 19:21:36,finished @ 2019-10-21 19:21:52
w152,bb-emptyCluster,2019-10-21 19:30:45,2019-10-21 19:30:45,2019-10-21 19:31:01,cleanup dispose,finished,queuing @ 2019-10-21 19:30:45,processing @ 2019-10-21 19:30:45,finished @ 2019-10-21 19:31:01
w153,bb-fillCluster,2019-10-21 20:20:15,2019-10-21 20:20:15,2019-10-22 22:39:02,init prepare,cancelled,queuing @ 2019-10-21 20:20:15,processing @ 2019-10-21 20:20:15,cancelled @ 2019-10-22 22:39:02
w154,bb-fillCluster,2019-10-23 16:37:45,2019-10-23 16:37:45,2019-10-23 16:38:01,init prepare,finished,queuing @ 2019-10-23 16:37:45,processing @ 2019-10-23 16:37:45,finished @ 2019-10-23 16:38:01
w155,bb-emptyCluster,2019-10-23 16:45:22,2019-10-23 16:45:22,2019-10-23 16:45:38,cleanup dispose,finished,queuing @ 2019-10-23 16:45:22,processing @ 2019-10-23 16:45:22,finished @ 2019-10-23 16:45:38
w156,bb-fillCluster,2019-10-23 16:46:07,2019-10-23 16:46:07,2019-10-23 23:46:23,init prepare,failed,queuing @ 2019-10-23 16:46:07,processing @ 2019-10-23 16:46:07,failed @ 2019-10-23 23:46:23
w157,bb-emptyCluster,2019-10-24 05:22:32,2019-10-24 05:22:32,2019-10-24 05:22:32,cleanup dispose,terminated,queuing @ 2019-10-24 05:22:32,processing @ 2019-10-24 05:22:32,terminated @ 2019-10-24 05:22:32
w158,bb300-fillCluster,2019-10-24 05:23:35,2019-10-24 05:23:35,2019-10-24 05:23:35,init prepare,terminated,queuing @ 2019-10-24 05:23:35,processing @ 2019-10-24 05:23:35,terminated @ 2019-10-24 05:23:35
w159,bb300-fillCluster,2019-10-24 05:29:54,2019-10-24 05:29:54,2019-10-24 05:37:52,init prepare,cancelled,queuing @ 2019-10-24 05:29:54,processing @ 2019-10-24 05:29:54,cancelled @ 2019-10-24 05:37:52
w160,bb-fillCluster,2019-10-24 05:52:21,2019-10-24 05:52:21,2019-10-24 05:59:48,init prepare,cancelled,queuing @ 2019-10-24 05:52:21,processing @ 2019-10-24 05:52:21,cancelled @ 2019-10-24 05:59:48
w161,bb-fillCluster,2019-10-24 18:58:04,2019-10-24 18:58:04,2019-10-25 02:19:30,init prepare,failed,queuing @ 2019-10-24 18:58:04,processing @ 2019-10-24 18:58:04,failed @ 2019-10-25 02:19:30
w162,bb-fillCluster,2019-10-25 19:52:05,2019-10-25 19:52:05,2019-10-26 00:20:21,init prepare,finished,queuing @ 2019-10-25 19:52:05,processing @ 2019-10-25 19:52:05,finished @ 2019-10-26 00:20:21
w163,bb-fillCluster,2019-10-26 16:14:04,2019-10-26 16:14:04,2019-10-26 20:41:36,init prepare,finished,queuing @ 2019-10-26 16:14:04,processing @ 2019-10-26 16:14:04,finished @ 2019-10-26 20:41:36
w164,bb300-fillCluster,2019-10-26 23:21:35,2019-10-26 23:21:35,2019-10-27 02:56:11,init prepare,finished,queuing @ 2019-10-26 23:21:35,processing @ 2019-10-26 23:21:35,finished @ 2019-10-27 02:56:11
w165,bb600-fillCluster,2019-10-27 21:01:00,2019-10-27 21:01:00,2019-10-27 23:56:47,init prepare,finished,queuing @ 2019-10-27 21:01:00,processing @ 2019-10-27 21:01:00,finished @ 2019-10-27 23:56:47
w166,bb-225x50m-fill,2019-10-28 16:57:15,2019-10-28 16:57:15,2019-10-29 01:17:33,init prepare,finished,queuing @ 2019-10-28 16:57:15,processing @ 2019-10-28 16:57:15,finished @ 2019-10-29 01:17:33
w167,bb-600w-250op-fill,2019-10-29 19:21:22,2019-10-29 19:21:22,2019-10-30 01:27:59,init prepare,finished,queuing @ 2019-10-29 19:21:22,processing @ 2019-10-29 19:21:22,finished @ 2019-10-30 01:27:59
w168,bb-hybridSS,2019-10-30 12:13:45,2019-10-30 12:13:45,2019-10-30 13:13:54,read list write delete,finished,queuing @ 2019-10-30 12:13:45,processing @ 2019-10-30 12:13:45,finished @ 2019-10-30 13:13:54
w169,bb-delWrite,2019-10-30 13:40:39,2019-10-30 13:40:39,2019-10-30 15:40:47,write delete,finished,queuing @ 2019-10-30 13:40:39,processing @ 2019-10-30 13:40:39,finished @ 2019-10-30 15:40:47
w170,bb-600w-250op-fill,2019-10-30 22:45:03,2019-10-30 22:45:03,2019-10-31 00:42:50,init prepare,cancelled,queuing @ 2019-10-30 22:45:03,processing @ 2019-10-30 22:45:03,cancelled @ 2019-10-31 00:42:50
w171,bb-600w-250op-fill,2019-11-01 01:54:41,2019-11-01 01:54:41,2019-11-01 08:31:58,init prepare,finished,queuing @ 2019-11-01 01:54:41,processing @ 2019-11-01 01:54:41,finished @ 2019-11-01 08:31:58
w172,bb-hybridSS,2019-11-01 09:15:17,2019-11-01 09:15:17,2019-11-01 10:15:25,read list write delete,finished,queuing @ 2019-11-01 09:15:17,processing @ 2019-11-01 09:15:17,finished @ 2019-11-01 10:15:25
w173,bb-delWrite,2019-11-01 10:23:08,2019-11-01 10:23:08,2019-11-01 12:23:16,write delete,finished,queuing @ 2019-11-01 10:23:08,processing @ 2019-11-01 10:23:08,finished @ 2019-11-01 12:23:16
w174,bb-fill,2019-11-01 18:32:00,2019-11-01 18:32:00,2019-11-02 00:38:02,init prepare,finished,queuing @ 2019-11-01 18:32:00,processing @ 2019-11-01 18:32:00,finished @ 2019-11-02 00:38:02
w175,bb-hybridSS,2019-11-02 01:15:13,2019-11-02 01:15:13,2019-11-02 02:15:22,read list write delete,finished,queuing @ 2019-11-02 01:15:13,processing @ 2019-11-02 01:15:13,finished @ 2019-11-02 02:15:22
w176,bb-delWrite,2019-11-02 05:23:47,2019-11-02 05:23:47,2019-11-02 07:23:55,write delete,finished,queuing @ 2019-11-02 05:23:47,processing @ 2019-11-02 05:23:47,finished @ 2019-11-02 07:23:55
w177,bb-fill,2019-11-07 02:26:03,2019-11-07 02:26:03,2019-11-07 11:56:21,init prepare,finished,queuing @ 2019-11-07 02:26:03,processing @ 2019-11-07 02:26:03,finished @ 2019-11-07 11:56:21
w178,bb-hybridSS,2019-11-07 12:59:44,2019-11-07 12:59:44,2019-11-07 13:59:52,read list write delete,finished,queuing @ 2019-11-07 12:59:44,processing @ 2019-11-07 12:59:44,finished @ 2019-11-07 13:59:52
w179,bb-delWrite,2019-11-07 14:08:04,2019-11-07 14:08:04,2019-11-07 16:08:12,write delete,finished,queuing @ 2019-11-07 14:08:04,processing @ 2019-11-07 14:08:04,finished @ 2019-11-07 16:08:12
w180,bb-delWrite,2019-11-07 20:02:23,2019-11-07 20:02:23,2019-11-07 22:02:32,write delete,finished,queuing @ 2019-11-07 20:02:23,processing @ 2019-11-07 20:02:23,finished @ 2019-11-07 22:02:32
w181,bb-fill,2019-11-11 08:52:26,2019-11-11 08:52:26,2019-11-11 08:52:26,init prepare,terminated,queuing @ 2019-11-11 08:52:26,processing @ 2019-11-11 08:52:26,terminated @ 2019-11-11 08:52:26
w182,bb-fill,2019-11-11 19:56:01,2019-11-11 19:56:01,2019-11-12 00:56:43,init prepare,finished,queuing @ 2019-11-11 19:56:01,processing @ 2019-11-11 19:56:01,finished @ 2019-11-12 00:56:43
w183,bb-hybridSS,2019-11-12 01:22:56,2019-11-12 01:22:56,2019-11-12 02:23:04,read list write delete,finished,queuing @ 2019-11-12 01:22:56,processing @ 2019-11-12 01:22:56,finished @ 2019-11-12 02:23:04
w184,bb-delWrite,2019-11-12 02:30:49,2019-11-12 02:30:49,2019-11-12 04:30:57,write delete,finished,queuing @ 2019-11-12 02:30:49,processing @ 2019-11-12 02:30:49,finished @ 2019-11-12 04:30:57
w185,bb-fill,2019-11-15 15:38:06,2019-11-15 15:38:06,2019-11-15 20:52:38,init prepare,finished,queuing @ 2019-11-15 15:38:06,processing @ 2019-11-15 15:38:06,finished @ 2019-11-15 20:52:38
w186,bb-hybridSS,2019-11-15 21:21:08,2019-11-15 21:21:08,2019-11-15 22:21:17,read list write delete,finished,queuing @ 2019-11-15 21:21:08,processing @ 2019-11-15 21:21:08,finished @ 2019-11-15 22:21:17
w187,bb-delWrite,2019-11-15 22:28:44,2019-11-15 22:28:44,2019-11-16 00:28:52,write delete,finished,queuing @ 2019-11-15 22:28:44,processing @ 2019-11-15 22:28:44,finished @ 2019-11-16 00:28:52
w188,fillCluster,2019-11-19 00:18:36,2019-11-19 00:18:36,2019-11-19 10:30:33,init prepare,finished,queuing @ 2019-11-19 00:18:36,processing @ 2019-11-19 00:18:36,finished @ 2019-11-19 10:30:33
w189,hybridSS,2019-11-19 12:14:48,2019-11-19 12:14:48,2019-11-19 13:14:57,read list write delete,finished,queuing @ 2019-11-19 12:14:48,processing @ 2019-11-19 12:14:48,finished @ 2019-11-19 13:14:57
w190,bb-fill,2019-11-20 16:30:53,2019-11-20 16:30:53,2019-11-20 22:51:45,init prepare,finished,queuing @ 2019-11-20 16:30:53,processing @ 2019-11-20 16:30:53,finished @ 2019-11-20 22:51:45
w191,bb-fill,2019-11-21 02:22:38,2019-11-21 02:22:38,2019-11-21 08:40:40,init prepare,finished,queuing @ 2019-11-21 02:22:38,processing @ 2019-11-21 02:22:38,finished @ 2019-11-21 08:40:40
w192,bb-hybridSS,2019-11-21 09:26:56,2019-11-21 09:26:56,2019-11-21 10:27:04,read list write delete,finished,queuing @ 2019-11-21 09:26:56,processing @ 2019-11-21 09:26:56,finished @ 2019-11-21 10:27:04
w193,bb-delWrite,2019-11-21 10:34:25,2019-11-21 10:34:25,2019-11-21 12:34:34,write delete,finished,queuing @ 2019-11-21 10:34:25,processing @ 2019-11-21 10:34:25,finished @ 2019-11-21 12:34:34
w194,bb-fill,2019-11-21 20:50:54,2019-11-21 20:50:54,2019-11-22 03:37:55,init prepare,finished,queuing @ 2019-11-21 20:50:54,processing @ 2019-11-21 20:50:54,finished @ 2019-11-22 03:37:55
w195,bb-hybridSS,2019-11-22 07:19:09,2019-11-22 07:19:09,2019-11-22 08:19:12,read list write delete,finished,queuing @ 2019-11-22 07:19:09,processing @ 2019-11-22 07:19:09,finished @ 2019-11-22 08:19:12
w196,bb-delWrite,2019-11-22 08:31:18,2019-11-22 08:31:18,2019-11-22 10:31:26,write delete,finished,queuing @ 2019-11-22 08:31:18,processing @ 2019-11-22 08:31:18,finished @ 2019-11-22 10:31:26
w197,bb-fill,2019-11-24 15:46:07,2019-11-24 15:46:07,2019-11-24 15:46:07,init prepare,terminated,queuing @ 2019-11-24 15:46:07,processing @ 2019-11-24 15:46:07,terminated @ 2019-11-24 15:46:07
w198,bb-fill,2019-11-25 16:49:32,2019-11-25 16:49:32,2019-11-25 23:54:58,init prepare,finished,queuing @ 2019-11-25 16:49:32,processing @ 2019-11-25 16:49:32,finished @ 2019-11-25 23:54:58
w199,bb-hybridSS,2019-11-26 04:09:51,2019-11-26 04:09:51,2019-11-26 05:09:59,read list write delete,finished,queuing @ 2019-11-26 04:09:51,processing @ 2019-11-26 04:09:51,finished @ 2019-11-26 05:09:59
w200,bb-delWrite,2019-11-26 05:24:31,2019-11-26 05:24:31,2019-11-26 07:24:39,write delete,finished,queuing @ 2019-11-26 05:24:31,processing @ 2019-11-26 05:24:31,finished @ 2019-11-26 07:24:39
w201,bb-fill,2019-11-28 00:10:37,2019-11-28 00:10:37,2019-11-28 11:31:04,init prepare,finished,queuing @ 2019-11-28 00:10:37,processing @ 2019-11-28 00:10:37,finished @ 2019-11-28 11:31:04
w202,bb-hybridSS,2019-11-28 16:31:23,2019-11-28 16:31:23,2019-12-01 16:31:30,read list write delete,finished,queuing @ 2019-11-28 16:31:23,processing @ 2019-11-28 16:31:23,finished @ 2019-12-01 16:31:30
w203,bb-hybridSS,2019-12-02 21:16:41,2019-12-02 21:16:41,2019-12-02 22:16:50,read list write delete,finished,queuing @ 2019-12-02 21:16:41,processing @ 2019-12-02 21:16:41,finished @ 2019-12-02 22:16:50
w204,bb-hybridSS,2019-12-02 22:45:25,2019-12-02 22:45:25,2019-12-02 23:45:34,read list write delete,finished,queuing @ 2019-12-02 22:45:25,processing @ 2019-12-02 22:45:25,finished @ 2019-12-02 23:45:34
w205,bb-fill,2019-12-04 03:43:40,2019-12-04 03:43:40,2019-12-04 03:43:41,init prepare,terminated,queuing @ 2019-12-04 03:43:40,processing @ 2019-12-04 03:43:40,terminated @ 2019-12-04 03:43:41
w206,bb-fill,2019-12-04 15:54:07,2019-12-04 15:54:07,2019-12-04 22:17:39,init prepare,failed,queuing @ 2019-12-04 15:54:07,processing @ 2019-12-04 15:54:07,failed @ 2019-12-04 22:17:39
w207,bb-hybridSS,2019-12-04 23:30:39,2019-12-04 23:30:39,2019-12-05 00:30:48,read list write delete,finished,queuing @ 2019-12-04 23:30:39,processing @ 2019-12-04 23:30:39,finished @ 2019-12-05 00:30:48
w208,bb-delWrite,2019-12-05 00:55:27,2019-12-05 00:55:27,2019-12-05 02:55:35,write delete,finished,queuing @ 2019-12-05 00:55:27,processing @ 2019-12-05 00:55:27,finished @ 2019-12-05 02:55:35
w209,bb-fill,2019-12-05 18:51:10,2019-12-05 18:51:10,2019-12-06 04:45:19,prepare,finished,queuing @ 2019-12-05 18:51:10,processing @ 2019-12-05 18:51:10,finished @ 2019-12-06 04:45:19
w210,bb-hybridSS,2019-12-06 15:21:02,2019-12-06 15:21:02,2019-12-06 16:21:11,read list write delete,finished,queuing @ 2019-12-06 15:21:02,processing @ 2019-12-06 15:21:02,finished @ 2019-12-06 16:21:11
w211,bb-hybridSS-20m,2019-12-06 17:47:01,2019-12-06 17:47:01,2019-12-06 18:07:09,read list write delete,finished,queuing @ 2019-12-06 17:47:01,processing @ 2019-12-06 17:47:01,finished @ 2019-12-06 18:07:09
w212,bb-hybridSS-20m,2019-12-06 19:10:07,2019-12-06 19:10:07,2019-12-06 19:30:15,read list write delete,finished,queuing @ 2019-12-06 19:10:07,processing @ 2019-12-06 19:10:07,finished @ 2019-12-06 19:30:15
w213,bb-fill,2019-12-07 13:26:07,2019-12-07 13:26:07,2019-12-07 17:02:13,init prepare,cancelled,queuing @ 2019-12-07 13:26:07,processing @ 2019-12-07 13:26:07,cancelled @ 2019-12-07 17:02:13
w214,bb-fill,2019-12-07 18:44:06,2019-12-07 18:44:06,2019-12-08 01:09:58,init prepare,finished,queuing @ 2019-12-07 18:44:06,processing @ 2019-12-07 18:44:06,finished @ 2019-12-08 01:09:58
w215,bb-hybridSS-20m,2019-12-09 12:46:11,2019-12-09 12:46:11,2019-12-09 13:06:14,read list write delete,finished,queuing @ 2019-12-09 12:46:11,processing @ 2019-12-09 12:46:11,finished @ 2019-12-09 13:06:14
w216,bb-delWrite,2019-12-09 13:23:30,2019-12-09 13:23:30,2019-12-09 15:23:38,write delete,finished,queuing @ 2019-12-09 13:23:30,processing @ 2019-12-09 13:23:30,finished @ 2019-12-09 15:23:38
w217,bb-fill,2019-12-10 15:35:25,2019-12-10 15:35:25,2019-12-11 00:33:22,init prepare,failed,queuing @ 2019-12-10 15:35:25,processing @ 2019-12-10 15:35:25,failed @ 2019-12-11 00:33:22
w218,bb-fill,2019-12-11 19:11:07,2019-12-11 19:11:07,2019-12-12 01:57:59,init prepare,finished,queuing @ 2019-12-11 19:11:07,processing @ 2019-12-11 19:11:07,finished @ 2019-12-12 01:57:59
w219,bb-fill,2019-12-16 23:54:58,2019-12-16 23:54:58,2019-12-16 23:55:07,init,finished,queuing @ 2019-12-16 23:54:58,processing @ 2019-12-16 23:54:58,finished @ 2019-12-16 23:55:07
w220,bb-fill,2019-12-16 23:58:49,2019-12-16 23:58:49,2019-12-17 06:33:08,prepare,finished,queuing @ 2019-12-16 23:58:49,processing @ 2019-12-16 23:58:49,finished @ 2019-12-17 06:33:08
w221,bb-hybridSS,2019-12-17 17:08:55,2019-12-17 17:08:55,2019-12-17 18:09:03,read list write delete,finished,queuing @ 2019-12-17 17:08:55,processing @ 2019-12-17 17:08:55,finished @ 2019-12-17 18:09:03
w222,bb-delWrite,2019-12-17 22:08:36,2019-12-17 22:08:36,2019-12-18 00:08:44,write delete,finished,queuing @ 2019-12-17 22:08:36,processing @ 2019-12-17 22:08:36,finished @ 2019-12-18 00:08:44
w223,bb-fill,2019-12-19 21:22:37,2019-12-19 21:22:37,2019-12-19 21:22:45,init,finished,queuing @ 2019-12-19 21:22:37,processing @ 2019-12-19 21:22:37,finished @ 2019-12-19 21:22:45
w224,bb-fill-prep,2019-12-19 21:38:16,2019-12-19 21:38:16,2019-12-20 04:52:20,prepare,finished,queuing @ 2019-12-19 21:38:16,processing @ 2019-12-19 21:38:16,finished @ 2019-12-20 04:52:20
w225,bb-hybridSS,2019-12-20 16:16:39,2019-12-20 16:16:39,2019-12-20 17:16:42,read list write delete,finished,queuing @ 2019-12-20 16:16:39,processing @ 2019-12-20 16:16:39,finished @ 2019-12-20 17:16:42
w226,bb-delWrite,2019-12-20 18:36:12,2019-12-20 18:36:12,2019-12-20 20:36:21,write delete,finished,queuing @ 2019-12-20 18:36:12,processing @ 2019-12-20 18:36:12,finished @ 2019-12-20 20:36:21
w227,bb-fill-init,2020-01-07 14:11:57,2020-01-07 14:11:57,2020-01-07 14:12:05,init,finished,queuing @ 2020-01-07 14:11:57,processing @ 2020-01-07 14:11:57,finished @ 2020-01-07 14:12:05
w228,bb-fill-prep,2020-01-07 14:15:53,2020-01-07 14:15:53,2020-01-07 20:47:12,prepare,finished,queuing @ 2020-01-07 14:15:53,processing @ 2020-01-07 14:15:53,finished @ 2020-01-07 20:47:12
w229,bb-read,2020-01-10 01:53:18,2020-01-10 01:53:18,2020-01-10 01:53:48,read,terminated,queuing @ 2020-01-10 01:53:18,processing @ 2020-01-10 01:53:18,terminated @ 2020-01-10 01:53:48
w230,bb-read,2020-01-10 14:08:10,2020-01-10 14:08:10,2020-01-10 15:08:14,read,finished,queuing @ 2020-01-10 14:08:10,processing @ 2020-01-10 14:08:10,finished @ 2020-01-10 15:08:14
w231,bb-read,2020-01-10 16:55:26,2020-01-10 16:55:26,2020-01-10 17:55:34,read,finished,queuing @ 2020-01-10 16:55:26,processing @ 2020-01-10 16:55:26,finished @ 2020-01-10 17:55:34
w232,bb-hybridSS-48hr,2020-01-10 20:14:37,2020-01-10 20:14:37,2020-01-12 20:14:47,read list write delete,finished,queuing @ 2020-01-10 20:14:37,processing @ 2020-01-10 20:14:37,finished @ 2020-01-12 20:14:47
w233,bb-hybridSS,2020-01-13 22:54:28,2020-01-13 22:54:28,2020-01-13 23:54:36,read list write delete,finished,queuing @ 2020-01-13 22:54:28,processing @ 2020-01-13 22:54:28,finished @ 2020-01-13 23:54:36
w234,bb-hybridSS,2020-01-15 16:16:15,2020-01-15 16:16:15,2020-01-15 17:16:29,read list write delete,finished,queuing @ 2020-01-15 16:16:15,processing @ 2020-01-15 16:16:15,finished @ 2020-01-15 17:16:29
w235,bb-hybridSS,2020-01-16 01:42:16,2020-01-16 01:42:16,2020-01-16 02:42:29,read list write delete,finished,queuing @ 2020-01-16 01:42:16,processing @ 2020-01-16 01:42:16,finished @ 2020-01-16 02:42:29
w236,bb-fill-init,2020-01-28 18:24:32,2020-01-28 18:24:32,2020-01-28 18:24:41,init,finished,queuing @ 2020-01-28 18:24:32,processing @ 2020-01-28 18:24:32,finished @ 2020-01-28 18:24:41
w237,bb-fill-prep,2020-01-28 20:23:01,2020-01-28 20:23:01,2020-01-28 23:31:49,prepare,cancelled,queuing @ 2020-01-28 20:23:01,processing @ 2020-01-28 20:23:01,cancelled @ 2020-01-28 23:31:49
w238,bb-fill-prep,2020-01-29 00:46:17,2020-01-29 00:46:17,2020-01-29 00:47:46,prepare,cancelled,queuing @ 2020-01-29 00:46:17,processing @ 2020-01-29 00:46:17,cancelled @ 2020-01-29 00:47:46
w239,emptyCluster,2020-01-29 01:00:26,2020-01-29 01:00:26,2020-01-29 13:06:58,cleanup dispose,finished,queuing @ 2020-01-29 01:00:26,processing @ 2020-01-29 01:00:26,finished @ 2020-01-29 13:06:58
w240,bb-fill-prep,2020-01-29 13:38:03,2020-01-29 13:38:03,2020-01-29 13:38:27,prepare,cancelled,queuing @ 2020-01-29 13:38:03,processing @ 2020-01-29 13:38:03,cancelled @ 2020-01-29 13:38:27
w241,bb-fill-init,2020-01-29 13:42:52,2020-01-29 13:42:52,2020-01-29 13:43:00,init,finished,queuing @ 2020-01-29 13:42:52,processing @ 2020-01-29 13:42:52,finished @ 2020-01-29 13:43:00
w242,bb-fill-prep,2020-01-29 13:47:34,2020-01-29 13:47:34,2020-01-30 19:20:31,prepare,cancelled,queuing @ 2020-01-29 13:47:34,processing @ 2020-01-29 13:47:34,cancelled @ 2020-01-30 19:20:31
w243,bb-fill-init,2020-02-01 17:14:13,2020-02-01 17:14:13,2020-02-01 17:14:22,init,finished,queuing @ 2020-02-01 17:14:13,processing @ 2020-02-01 17:14:13,finished @ 2020-02-01 17:14:22
w244,bb-fill-prep,2020-02-01 17:18:52,2020-02-01 17:18:52,2020-02-01 17:18:53,prepare,terminated,queuing @ 2020-02-01 17:18:52,processing @ 2020-02-01 17:18:52,terminated @ 2020-02-01 17:18:53
w245,bb-fill-prep,2020-02-01 18:21:49,2020-02-01 18:21:49,2020-02-01 18:21:49,prepare,terminated,queuing @ 2020-02-01 18:21:49,processing @ 2020-02-01 18:21:49,terminated @ 2020-02-01 18:21:49
w246,bb-fill-prep,2020-02-01 19:49:08,2020-02-01 19:49:08,2020-02-01 19:49:08,prepare,terminated,queuing @ 2020-02-01 19:49:08,processing @ 2020-02-01 19:49:08,terminated @ 2020-02-01 19:49:08
w247,bb-fill-prep,2020-02-02 21:50:52,2020-02-02 21:50:52,2020-02-02 21:50:53,prepare,terminated,queuing @ 2020-02-02 21:50:52,processing @ 2020-02-02 21:50:52,terminated @ 2020-02-02 21:50:53
w248,bb-fill-prep,2020-02-02 22:17:55,2020-02-02 22:17:55,2020-02-02 22:17:57,prepare,terminated,queuing @ 2020-02-02 22:17:55,processing @ 2020-02-02 22:17:55,terminated @ 2020-02-02 22:17:57
w249,bb-fill-prep,2020-02-02 22:36:48,2020-02-02 22:36:48,2020-02-03 23:22:33,prepare,cancelled,queuing @ 2020-02-02 22:36:48,processing @ 2020-02-02 22:36:48,cancelled @ 2020-02-03 23:22:33
w250,bb-fill-init,2020-02-04 01:33:59,2020-02-04 01:33:59,2020-02-04 01:34:12,init,finished,queuing @ 2020-02-04 01:33:59,processing @ 2020-02-04 01:33:59,finished @ 2020-02-04 01:34:12
w251,fill-prep,2020-02-04 01:38:01,2020-02-04 01:38:01,2020-02-04 11:19:40,prepare,finished,queuing @ 2020-02-04 01:38:01,processing @ 2020-02-04 01:38:01,finished @ 2020-02-04 11:19:40
w252,bb-fill-init,2020-02-04 16:35:41,2020-02-04 16:35:41,2020-02-04 16:35:49,init,finished,queuing @ 2020-02-04 16:35:41,processing @ 2020-02-04 16:35:41,finished @ 2020-02-04 16:35:49
w253,bb-fill-prep,2020-02-04 16:37:36,2020-02-04 16:37:36,2020-02-04 22:28:20,prepare,finished,queuing @ 2020-02-04 16:37:36,processing @ 2020-02-04 16:37:36,finished @ 2020-02-04 22:28:20
w254,bb-fill-init,2020-02-05 01:40:48,2020-02-05 01:40:48,2020-02-05 01:41:06,init,finished,queuing @ 2020-02-05 01:40:48,processing @ 2020-02-05 01:40:48,finished @ 2020-02-05 01:41:06
w255,bb-fill-prep,2020-02-05 01:43:11,2020-02-05 01:43:11,2020-02-05 08:39:50,prepare,finished,queuing @ 2020-02-05 01:43:11,processing @ 2020-02-05 01:43:11,finished @ 2020-02-05 08:39:50
w256,bb-fill-init,2020-02-05 18:26:48,2020-02-05 18:26:48,2020-02-05 18:26:56,init,finished,queuing @ 2020-02-05 18:26:48,processing @ 2020-02-05 18:26:48,finished @ 2020-02-05 18:26:56
w257,bb-fill-prep,2020-02-05 18:28:44,2020-02-05 18:28:44,2020-02-05 18:28:45,prepare,terminated,queuing @ 2020-02-05 18:28:44,processing @ 2020-02-05 18:28:44,terminated @ 2020-02-05 18:28:45
w258,bb-fill-init,2020-02-05 18:37:49,2020-02-05 18:37:49,2020-02-05 18:37:57,init,finished,queuing @ 2020-02-05 18:37:49,processing @ 2020-02-05 18:37:49,finished @ 2020-02-05 18:37:57
w259,bb-fill-prep,2020-02-05 18:39:42,2020-02-05 18:39:42,2020-02-06 00:40:31,prepare,finished,queuing @ 2020-02-05 18:39:42,processing @ 2020-02-05 18:39:42,finished @ 2020-02-06 00:40:31
w260,bb-hybridSS,2020-02-06 01:00:48,2020-02-06 01:00:48,2020-02-06 02:01:06,read list write delete,finished,queuing @ 2020-02-06 01:00:48,processing @ 2020-02-06 01:00:48,finished @ 2020-02-06 02:01:06
w261,bb-delWrite,2020-02-06 14:32:04,2020-02-06 14:32:04,2020-02-06 16:32:12,write delete,finished,queuing @ 2020-02-06 14:32:04,processing @ 2020-02-06 14:32:04,finished @ 2020-02-06 16:32:12
w262,bb-fill-init,2020-02-06 19:08:48,2020-02-06 19:08:48,2020-02-06 19:08:56,init,finished,queuing @ 2020-02-06 19:08:48,processing @ 2020-02-06 19:08:48,finished @ 2020-02-06 19:08:56
w263,bb-fill-prep,2020-02-06 19:10:43,2020-02-06 19:10:43,2020-02-07 01:11:26,prepare,finished,queuing @ 2020-02-06 19:10:43,processing @ 2020-02-06 19:10:43,finished @ 2020-02-07 01:11:26
w264,bb-hybridSS,2020-02-07 01:15:40,2020-02-07 01:15:40,2020-02-07 02:15:43,read list write delete,finished,queuing @ 2020-02-07 01:15:40,processing @ 2020-02-07 01:15:40,finished @ 2020-02-07 02:15:43
w265,bb-delWrite,2020-02-07 02:28:17,2020-02-07 02:28:17,2020-02-07 04:28:25,write delete,finished,queuing @ 2020-02-07 02:28:17,processing @ 2020-02-07 02:28:17,finished @ 2020-02-07 04:28:25
w266,bb-fill-init,2020-02-07 17:12:46,2020-02-07 17:12:46,2020-02-07 17:12:46,init,terminated,queuing @ 2020-02-07 17:12:46,processing @ 2020-02-07 17:12:46,terminated @ 2020-02-07 17:12:46
w267,bb-fill-init,2020-02-07 17:16:10,2020-02-07 17:16:10,2020-02-07 17:16:18,init,finished,queuing @ 2020-02-07 17:16:10,processing @ 2020-02-07 17:16:10,finished @ 2020-02-07 17:16:18
w268,bb-fill-prep,2020-02-07 17:18:05,2020-02-07 17:18:05,2020-02-07 23:17:04,prepare,finished,queuing @ 2020-02-07 17:18:05,processing @ 2020-02-07 17:18:05,finished @ 2020-02-07 23:17:04
w269,bb-hybridSS,2020-02-07 23:21:58,2020-02-07 23:21:58,2020-02-08 00:22:11,read list write delete,finished,queuing @ 2020-02-07 23:21:58,processing @ 2020-02-07 23:21:58,finished @ 2020-02-08 00:22:11
w270,bb-hybridSS-48hr,2020-02-08 00:28:57,2020-02-08 00:28:57,2020-02-10 00:29:16,read list write delete,finished,queuing @ 2020-02-08 00:28:57,processing @ 2020-02-08 00:28:57,finished @ 2020-02-10 00:29:16
w271,bb-delWrite,2020-02-10 00:40:05,2020-02-10 00:40:05,2020-02-10 02:40:14,write delete,finished,queuing @ 2020-02-10 00:40:05,processing @ 2020-02-10 00:40:05,finished @ 2020-02-10 02:40:14
w272,bb-fill-init,2020-02-10 20:06:08,2020-02-10 20:06:08,2020-02-10 20:06:16,init,finished,queuing @ 2020-02-10 20:06:08,processing @ 2020-02-10 20:06:08,finished @ 2020-02-10 20:06:16
w273,bb-fill-prep,2020-02-10 20:09:30,2020-02-10 20:09:30,2020-02-11 02:12:34,prepare,finished,queuing @ 2020-02-10 20:09:30,processing @ 2020-02-10 20:09:30,finished @ 2020-02-11 02:12:34
w274,bb-hybridSS,2020-02-11 02:45:45,2020-02-11 02:45:45,2020-02-11 03:45:54,read list write delete,finished,queuing @ 2020-02-11 02:45:45,processing @ 2020-02-11 02:45:45,finished @ 2020-02-11 03:45:54
w275,bb-fill-init,2020-02-11 14:58:16,2020-02-11 14:58:16,2020-02-11 14:58:24,init,finished,queuing @ 2020-02-11 14:58:16,processing @ 2020-02-11 14:58:16,finished @ 2020-02-11 14:58:24
w276,bb-fill-prep,2020-02-11 15:00:10,2020-02-11 15:00:10,2020-02-11 21:00:39,prepare,finished,queuing @ 2020-02-11 15:00:10,processing @ 2020-02-11 15:00:10,finished @ 2020-02-11 21:00:39
w277,bb-fill-prep,2020-02-11 21:01:53,2020-02-11 21:01:53,2020-02-11 21:35:15,prepare,cancelled,queuing @ 2020-02-11 21:01:53,processing @ 2020-02-11 21:01:53,cancelled @ 2020-02-11 21:35:15
w278,bb-hybrid,2020-02-11 21:56:11,2020-02-11 21:56:11,2020-02-11 22:56:20,read list write delete,finished,queuing @ 2020-02-11 21:56:11,processing @ 2020-02-11 21:56:11,finished @ 2020-02-11 22:56:20
w279,bb-delWrite,2020-02-12 18:20:55,2020-02-12 18:20:55,2020-02-12 20:21:04,write delete,finished,queuing @ 2020-02-12 18:20:55,processing @ 2020-02-12 18:20:55,finished @ 2020-02-12 20:21:04
w280,bb-fill-init,2020-02-13 12:58:26,2020-02-13 12:58:26,2020-02-13 12:58:34,init,finished,queuing @ 2020-02-13 12:58:26,processing @ 2020-02-13 12:58:26,finished @ 2020-02-13 12:58:34
w281,bb-fill-prep,2020-02-13 13:02:24,2020-02-13 13:02:24,2020-02-13 19:23:59,prepare,finished,queuing @ 2020-02-13 13:02:24,processing @ 2020-02-13 13:02:24,finished @ 2020-02-13 19:23:59
w282,bb-hybrid,2020-02-14 15:41:35,2020-02-14 15:41:35,2020-02-14 16:41:54,read list write delete,finished,queuing @ 2020-02-14 15:41:35,processing @ 2020-02-14 15:41:35,finished @ 2020-02-14 16:41:54
w283,bb-hybridSS-3d,2020-02-15 06:31:10,2020-02-15 06:31:10,2020-02-18 06:31:28,read list write delete,finished,queuing @ 2020-02-15 06:31:10,processing @ 2020-02-15 06:31:10,finished @ 2020-02-18 06:31:28
w284,bb-delWrite,2020-02-19 16:15:49,2020-02-19 16:15:49,2020-02-19 18:15:57,write delete,finished,queuing @ 2020-02-19 16:15:49,processing @ 2020-02-19 16:15:49,finished @ 2020-02-19 18:15:57
w285,bb-fill-init,2020-02-19 23:10:52,2020-02-19 23:10:52,2020-02-19 23:11:00,init,finished,queuing @ 2020-02-19 23:10:52,processing @ 2020-02-19 23:10:52,finished @ 2020-02-19 23:11:00
w286,bb-fill-prep,2020-02-19 23:53:46,2020-02-19 23:53:46,2020-02-20 06:12:15,prepare,finished,queuing @ 2020-02-19 23:53:46,processing @ 2020-02-19 23:53:46,finished @ 2020-02-20 06:12:15
w287,bb-read20m,2020-02-20 15:58:46,2020-02-20 15:58:46,2020-02-20 16:18:49,read,finished,queuing @ 2020-02-20 15:58:46,processing @ 2020-02-20 15:58:46,finished @ 2020-02-20 16:18:49
w288,bb-read20m,2020-02-20 16:54:25,2020-02-20 16:54:25,2020-02-20 17:14:28,read,finished,queuing @ 2020-02-20 16:54:25,processing @ 2020-02-20 16:54:25,finished @ 2020-02-20 17:14:28
w289,bb-read20m,2020-02-20 19:48:16,2020-02-20 19:48:16,2020-02-20 20:08:19,read,finished,queuing @ 2020-02-20 19:48:16,processing @ 2020-02-20 19:48:16,finished @ 2020-02-20 20:08:19
w290,bb-read20m,2020-02-22 12:43:58,2020-02-22 12:43:58,2020-02-22 13:04:06,read,finished,queuing @ 2020-02-22 12:43:58,processing @ 2020-02-22 12:43:58,finished @ 2020-02-22 13:04:06
w291,bb-hybridSS-2d,2020-02-24 14:46:07,2020-02-24 14:46:08,2020-02-26 14:46:28,read list write delete,finished,queuing @ 2020-02-24 14:46:07,processing @ 2020-02-24 14:46:08,finished @ 2020-02-26 14:46:28
w292,bb-hybrid,2020-02-27 16:27:14,2020-02-27 16:27:14,2020-02-27 17:27:28,read list write delete,finished,queuing @ 2020-02-27 16:27:14,processing @ 2020-02-27 16:27:14,finished @ 2020-02-27 17:27:28
w293,bb-fill-init,2020-02-28 18:47:53,2020-02-28 18:47:53,2020-02-28 18:48:01,init,finished,queuing @ 2020-02-28 18:47:53,processing @ 2020-02-28 18:47:53,finished @ 2020-02-28 18:48:01
w294,bb-fill-prep,2020-02-28 18:50:17,2020-02-28 18:50:17,2020-02-29 04:45:56,prepare,failed,queuing @ 2020-02-28 18:50:17,processing @ 2020-02-28 18:50:17,failed @ 2020-02-29 04:45:56
w295,bb-fill-init,2020-02-29 15:28:38,2020-02-29 15:28:38,2020-02-29 15:28:46,init,finished,queuing @ 2020-02-29 15:28:38,processing @ 2020-02-29 15:28:38,finished @ 2020-02-29 15:28:46
w296,bb-fill-prep,2020-02-29 15:31:34,2020-02-29 15:31:34,2020-02-29 22:08:58,prepare,finished,queuing @ 2020-02-29 15:31:34,processing @ 2020-02-29 15:31:34,finished @ 2020-02-29 22:08:58
w297,bb-hybrid,2020-03-01 12:21:54,2020-03-01 12:21:54,2020-03-01 13:22:02,read list write delete,finished,queuing @ 2020-03-01 12:21:54,processing @ 2020-03-01 12:21:54,finished @ 2020-03-01 13:22:02
w298,bb-delWrite,2020-03-01 14:38:27,2020-03-01 14:38:27,2020-03-01 16:38:35,write delete,finished,queuing @ 2020-03-01 14:38:27,processing @ 2020-03-01 14:38:27,finished @ 2020-03-01 16:38:35
w299,bb-fill-init,2020-03-02 16:27:17,2020-03-02 16:27:17,2020-03-02 16:27:25,init,finished,queuing @ 2020-03-02 16:27:17,processing @ 2020-03-02 16:27:17,finished @ 2020-03-02 16:27:25
w300,bb-fill-prep,2020-03-02 16:29:28,2020-03-02 16:29:28,2020-03-02 22:31:17,prepare,finished,queuing @ 2020-03-02 16:29:28,processing @ 2020-03-02 16:29:28,finished @ 2020-03-02 22:31:17
w301,bb-hybrid,2020-03-03 13:41:08,2020-03-03 13:41:08,2020-03-03 14:41:16,read list write delete,finished,queuing @ 2020-03-03 13:41:08,processing @ 2020-03-03 13:41:08,finished @ 2020-03-03 14:41:16
w302,bb-hybrid,2020-03-03 14:54:58,2020-03-03 14:54:58,2020-03-03 15:12:07,read list write delete,cancelled,queuing @ 2020-03-03 14:54:58,processing @ 2020-03-03 14:54:58,cancelled @ 2020-03-03 15:12:07
w303,bb-hybrid,2020-03-03 15:12:17,2020-03-03 15:12:17,2020-03-03 15:25:33,read list write delete,cancelled,queuing @ 2020-03-03 15:12:17,processing @ 2020-03-03 15:12:17,cancelled @ 2020-03-03 15:25:33
w304,bb-hybrid,2020-03-03 15:26:51,2020-03-03 15:26:51,2020-03-03 16:26:55,read,finished,queuing @ 2020-03-03 15:26:51,processing @ 2020-03-03 15:26:51,finished @ 2020-03-03 16:26:55
w305,bb-hybrid,2020-03-03 16:47:28,2020-03-03 16:47:28,2020-03-03 16:53:05,write,cancelled,queuing @ 2020-03-03 16:47:28,processing @ 2020-03-03 16:47:28,cancelled @ 2020-03-03 16:53:05
w306,bb-hybrid,2020-03-03 16:55:36,2020-03-03 16:55:36,2020-03-03 17:01:39,read write,cancelled,queuing @ 2020-03-03 16:55:36,processing @ 2020-03-03 16:55:36,cancelled @ 2020-03-03 17:01:39
w307,bb-hybrid,2020-03-03 17:01:07,2020-03-03 17:01:39,2020-03-03 17:01:57,read write,cancelled,queuing @ 2020-03-03 17:01:07,processing @ 2020-03-03 17:01:39,cancelled @ 2020-03-03 17:01:57
w308,bb-hybrid,2020-03-03 17:02:06,2020-03-03 17:02:06,2020-03-03 17:13:42,read write,cancelled,queuing @ 2020-03-03 17:02:06,processing @ 2020-03-03 17:02:06,cancelled @ 2020-03-03 17:13:42
w309,bb-hybrid,2020-03-03 17:19:46,2020-03-03 17:19:46,2020-03-03 18:19:54,read write delete,finished,queuing @ 2020-03-03 17:19:46,processing @ 2020-03-03 17:19:46,finished @ 2020-03-03 18:19:54
w310,bb-hybrid,2020-03-04 08:22:29,2020-03-04 08:22:29,2020-03-04 08:24:40,read list write delete,cancelled,queuing @ 2020-03-04 08:22:29,processing @ 2020-03-04 08:22:29,cancelled @ 2020-03-04 08:24:40
w311,bb-hybrid,2020-03-04 08:25:17,2020-03-04 08:25:17,2020-03-04 08:28:55,read list write delete,cancelled,queuing @ 2020-03-04 08:25:17,processing @ 2020-03-04 08:25:17,cancelled @ 2020-03-04 08:28:55
w313,bb-hybrid,2020-03-04 08:38:05,2020-03-04 08:38:05,2020-03-04 08:39:48,read write delete,cancelled,queuing @ 2020-03-04 08:38:05,processing @ 2020-03-04 08:38:05,cancelled @ 2020-03-04 08:39:48
w314,bb-hybrid,2020-03-04 08:40:07,2020-03-04 08:40:07,2020-03-04 08:44:45,read write delete,cancelled,queuing @ 2020-03-04 08:40:07,processing @ 2020-03-04 08:40:07,cancelled @ 2020-03-04 08:44:45
w315,bb-hybrid,2020-03-04 08:44:50,2020-03-04 08:44:50,2020-03-04 08:48:12,read,cancelled,queuing @ 2020-03-04 08:44:50,processing @ 2020-03-04 08:44:50,cancelled @ 2020-03-04 08:48:12
w316,bb-hybrid,2020-03-04 08:48:34,2020-03-04 08:48:34,2020-03-04 08:53:12,read,cancelled,queuing @ 2020-03-04 08:48:34,processing @ 2020-03-04 08:48:34,cancelled @ 2020-03-04 08:53:12
w317,bb-hybrid,2020-03-04 08:53:08,2020-03-04 08:53:13,2020-03-04 08:53:25,read write delete,cancelled,queuing @ 2020-03-04 08:53:08,processing @ 2020-03-04 08:53:13,cancelled @ 2020-03-04 08:53:25
w318,bb-hybrid,2020-03-04 08:53:36,2020-03-04 08:53:36,2020-03-04 08:56:38,read write delete,cancelled,queuing @ 2020-03-04 08:53:36,processing @ 2020-03-04 08:53:36,cancelled @ 2020-03-04 08:56:38
w319,bb-hybrid,2020-03-04 08:58:16,2020-03-04 08:58:16,2020-03-04 09:08:27,read write delete,cancelled,queuing @ 2020-03-04 08:58:16,processing @ 2020-03-04 08:58:16,cancelled @ 2020-03-04 09:08:27
w320,bb-hybrid,2020-03-04 09:07:42,2020-03-04 09:08:28,2020-03-04 09:08:34,read write delete,cancelled,queuing @ 2020-03-04 09:07:42,processing @ 2020-03-04 09:08:28,cancelled @ 2020-03-04 09:08:34
w321,bb-hybrid,2020-03-04 09:09:08,2020-03-04 09:09:08,2020-03-04 09:11:32,read list write delete,cancelled,queuing @ 2020-03-04 09:09:08,processing @ 2020-03-04 09:09:08,cancelled @ 2020-03-04 09:11:32
w322,bb-hybrid,2020-03-04 09:11:52,2020-03-04 09:11:52,2020-03-04 09:15:58,read,cancelled,queuing @ 2020-03-04 09:11:52,processing @ 2020-03-04 09:11:52,cancelled @ 2020-03-04 09:15:58
w323,bb-hybrid,2020-03-04 09:16:08,2020-03-04 09:16:08,2020-03-04 09:19:02,read list write delete,cancelled,queuing @ 2020-03-04 09:16:08,processing @ 2020-03-04 09:16:08,cancelled @ 2020-03-04 09:19:02
w324,bb-hybrid,2020-03-04 09:19:27,2020-03-04 09:19:27,2020-03-04 09:21:09,read list write delete,cancelled,queuing @ 2020-03-04 09:19:27,processing @ 2020-03-04 09:19:27,cancelled @ 2020-03-04 09:21:09
w325,bb-hybrid,2020-03-04 09:21:18,2020-03-04 09:21:18,2020-03-04 09:23:40,read list write delete,cancelled,queuing @ 2020-03-04 09:21:18,processing @ 2020-03-04 09:21:18,cancelled @ 2020-03-04 09:23:40
w327,bb-hybrid,2020-03-04 09:29:05,,2020-03-04 09:30:42,read,cancelled,queuing @ 2020-03-04 09:29:05,cancelled @ 2020-03-04 09:30:42
w326,bb-hybrid,2020-03-04 09:24:52,2020-03-04 09:24:52,2020-03-04 09:30:43,read write delete,cancelled,queuing @ 2020-03-04 09:24:52,processing @ 2020-03-04 09:24:52,cancelled @ 2020-03-04 09:30:43
w328,bb-hybrid,2020-03-04 09:30:46,2020-03-04 09:30:46,2020-03-04 09:40:40,read write,cancelled,queuing @ 2020-03-04 09:30:46,processing @ 2020-03-04 09:30:46,cancelled @ 2020-03-04 09:40:40
w329,bb-hybrid,2020-03-04 09:41:01,2020-03-04 09:41:01,2020-03-04 09:44:32,read list,cancelled,queuing @ 2020-03-04 09:41:01,processing @ 2020-03-04 09:41:01,cancelled @ 2020-03-04 09:44:32
w330,bb-hybrid,2020-03-04 09:44:43,2020-03-04 09:44:44,2020-03-04 09:45:16,list,cancelled,queuing @ 2020-03-04 09:44:43,processing @ 2020-03-04 09:44:44,cancelled @ 2020-03-04 09:45:16
w331,bb-hybrid,2020-03-04 09:46:08,2020-03-04 09:46:08,2020-03-04 09:48:17,write,cancelled,queuing @ 2020-03-04 09:46:08,processing @ 2020-03-04 09:46:08,cancelled @ 2020-03-04 09:48:17
w332,bb-hybrid,2020-03-04 09:48:21,2020-03-04 09:48:21,2020-03-04 09:58:17,write,cancelled,queuing @ 2020-03-04 09:48:21,processing @ 2020-03-04 09:48:21,cancelled @ 2020-03-04 09:58:17
w333,bb-hybrid,2020-03-04 09:58:33,2020-03-04 09:58:33,2020-03-04 10:02:21,read write,cancelled,queuing @ 2020-03-04 09:58:33,processing @ 2020-03-04 09:58:33,cancelled @ 2020-03-04 10:02:21
w334,bb-hybrid,2020-03-04 10:02:37,2020-03-04 10:02:37,2020-03-04 10:05:57,read write delete,cancelled,queuing @ 2020-03-04 10:02:37,processing @ 2020-03-04 10:02:37,cancelled @ 2020-03-04 10:05:57
w335,bb-hybrid,2020-03-04 10:07:51,2020-03-04 10:07:51,2020-03-04 10:13:29,read list write delete,cancelled,queuing @ 2020-03-04 10:07:51,processing @ 2020-03-04 10:07:51,cancelled @ 2020-03-04 10:13:29
w336,bb-hybrid,2020-03-04 10:14:22,2020-03-04 10:14:22,2020-03-04 10:16:02,read write delete,cancelled,queuing @ 2020-03-04 10:14:22,processing @ 2020-03-04 10:14:22,cancelled @ 2020-03-04 10:16:02
w337,bb-hybrid,2020-03-04 14:22:51,2020-03-04 14:22:51,2020-03-04 14:32:53,read write delete,cancelled,queuing @ 2020-03-04 14:22:51,processing @ 2020-03-04 14:22:51,cancelled @ 2020-03-04 14:32:53
w338,bb-hybrid,2020-03-04 14:38:20,2020-03-04 14:38:20,2020-03-04 15:12:53,read write delete,cancelled,queuing @ 2020-03-04 14:38:20,processing @ 2020-03-04 14:38:20,cancelled @ 2020-03-04 15:12:53
w339,bb-hybrid,2020-03-04 15:28:53,2020-03-04 15:28:53,2020-03-04 15:33:47,read write delete,cancelled,queuing @ 2020-03-04 15:28:53,processing @ 2020-03-04 15:28:53,cancelled @ 2020-03-04 15:33:47
w340,bb-hybrid,2020-03-04 15:45:19,2020-03-04 15:45:19,2020-03-04 15:54:37,read write delete,cancelled,queuing @ 2020-03-04 15:45:19,processing @ 2020-03-04 15:45:19,cancelled @ 2020-03-04 15:54:37
w341,bb-hybrid,2020-03-04 15:59:05,2020-03-04 15:59:05,2020-03-04 16:14:58,read list write delete,cancelled,queuing @ 2020-03-04 15:59:05,processing @ 2020-03-04 15:59:05,cancelled @ 2020-03-04 16:14:58
w342,bb-hybrid,2020-03-04 16:22:28,2020-03-04 16:22:28,2020-03-04 17:02:20,read list write delete,cancelled,queuing @ 2020-03-04 16:22:28,processing @ 2020-03-04 16:22:28,cancelled @ 2020-03-04 17:02:20
w343,bb-hybrid,2020-03-04 17:07:46,2020-03-04 17:07:46,2020-03-04 17:09:12,read list write delete,cancelled,queuing @ 2020-03-04 17:07:46,processing @ 2020-03-04 17:07:46,cancelled @ 2020-03-04 17:09:12
w344,bb-hybrid,2020-03-04 18:07:28,2020-03-04 18:07:28,2020-03-04 18:21:40,read list write delete,cancelled,queuing @ 2020-03-04 18:07:28,processing @ 2020-03-04 18:07:28,cancelled @ 2020-03-04 18:21:40
w345,bb-hybrid,2020-03-05 09:56:58,2020-03-05 09:56:58,2020-03-05 10:57:17,read list write delete,finished,queuing @ 2020-03-05 09:56:58,processing @ 2020-03-05 09:56:58,finished @ 2020-03-05 10:57:17
w346,bb-hybrid,2020-03-05 10:59:16,2020-03-05 10:59:16,2020-03-05 11:59:24,read list write delete,finished,queuing @ 2020-03-05 10:59:16,processing @ 2020-03-05 10:59:16,finished @ 2020-03-05 11:59:24
w347,bb-hybrid,2020-03-08 13:58:32,2020-03-08 13:58:32,2020-03-08 14:19:24,read list write delete,cancelled,queuing @ 2020-03-08 13:58:32,processing @ 2020-03-08 13:58:32,cancelled @ 2020-03-08 14:19:24
w348,bb-hybrid,2020-03-09 10:17:56,2020-03-09 10:17:57,2020-03-09 11:04:16,read list write delete,cancelled,queuing @ 2020-03-09 10:17:56,processing @ 2020-03-09 10:17:57,cancelled @ 2020-03-09 11:04:16
w349,bb-hybrid,2020-03-09 16:43:32,2020-03-09 16:43:32,2020-03-09 17:04:36,read list write delete,cancelled,queuing @ 2020-03-09 16:43:32,processing @ 2020-03-09 16:43:32,cancelled @ 2020-03-09 17:04:36
w350,bb-hybrid,2020-03-10 09:01:33,2020-03-10 09:01:33,2020-03-10 09:34:19,read list write delete,cancelled,queuing @ 2020-03-10 09:01:33,processing @ 2020-03-10 09:01:33,cancelled @ 2020-03-10 09:34:19
w351,bb-hybrid,2020-03-10 10:45:27,2020-03-10 10:45:27,2020-03-10 10:54:20,read list write delete,cancelled,queuing @ 2020-03-10 10:45:27,processing @ 2020-03-10 10:45:27,cancelled @ 2020-03-10 10:54:20
w352,bb-hybrid,2020-03-10 11:56:58,2020-03-10 11:56:58,2020-03-10 12:02:19,read list write delete,cancelled,queuing @ 2020-03-10 11:56:58,processing @ 2020-03-10 11:56:58,cancelled @ 2020-03-10 12:02:19
w353,bb-hybrid,2020-03-10 12:57:12,2020-03-10 12:57:12,2020-03-10 13:57:30,read list write delete,finished,queuing @ 2020-03-10 12:57:12,processing @ 2020-03-10 12:57:12,finished @ 2020-03-10 13:57:30
w354,bb-hybrid,2020-03-10 14:33:13,2020-03-10 14:33:13,2020-03-10 14:36:37,read list write delete,cancelled,queuing @ 2020-03-10 14:33:13,processing @ 2020-03-10 14:33:13,cancelled @ 2020-03-10 14:36:37
w355,bb-hybrid,2020-03-10 14:40:31,2020-03-10 14:40:31,2020-03-10 14:42:58,read list write delete,cancelled,queuing @ 2020-03-10 14:40:31,processing @ 2020-03-10 14:40:31,cancelled @ 2020-03-10 14:42:58
w356,bb-hybrid,2020-03-10 14:56:46,2020-03-10 14:56:46,2020-03-10 15:27:26,read list write delete,cancelled,queuing @ 2020-03-10 14:56:46,processing @ 2020-03-10 14:56:46,cancelled @ 2020-03-10 15:27:26
w357,bb-hybrid,2020-03-10 16:43:52,2020-03-10 16:43:52,2020-03-10 17:44:06,read list write delete,finished,queuing @ 2020-03-10 16:43:52,processing @ 2020-03-10 16:43:52,finished @ 2020-03-10 17:44:06
w358,bb-hybrid,2020-03-10 18:56:42,2020-03-10 18:56:42,2020-03-10 19:07:00,read list write delete,cancelled,queuing @ 2020-03-10 18:56:42,processing @ 2020-03-10 18:56:42,cancelled @ 2020-03-10 19:07:00
w359,bb-hybrid,2020-03-10 19:10:58,2020-03-10 19:10:58,2020-03-10 20:11:16,read list write delete,finished,queuing @ 2020-03-10 19:10:58,processing @ 2020-03-10 19:10:58,finished @ 2020-03-10 20:11:16
w360,bb-hybrid,2020-03-12 10:43:48,2020-03-12 10:43:48,2020-03-12 10:45:56,read list write delete,cancelled,queuing @ 2020-03-12 10:43:48,processing @ 2020-03-12 10:43:48,cancelled @ 2020-03-12 10:45:56
w361,bb-hybrid,2020-03-12 12:11:05,2020-03-12 12:11:05,2020-03-12 12:27:51,read list write delete,cancelled,queuing @ 2020-03-12 12:11:05,processing @ 2020-03-12 12:11:05,cancelled @ 2020-03-12 12:27:51
w362,bb-hybrid,2020-03-12 13:04:51,2020-03-12 13:04:51,2020-03-12 13:21:48,read list write delete,cancelled,queuing @ 2020-03-12 13:04:51,processing @ 2020-03-12 13:04:51,cancelled @ 2020-03-12 13:21:48
w363,bb-hybrid,2020-03-12 13:48:13,2020-03-12 13:48:13,2020-03-12 14:48:22,read list write delete,finished,queuing @ 2020-03-12 13:48:13,processing @ 2020-03-12 13:48:13,finished @ 2020-03-12 14:48:22
w364,bb-hybrid,2020-03-12 15:22:24,2020-03-12 15:22:24,2020-03-12 15:34:05,read list write delete,cancelled,queuing @ 2020-03-12 15:22:24,processing @ 2020-03-12 15:22:24,cancelled @ 2020-03-12 15:34:05
w365,bb-hybrid,2020-03-12 16:16:25,2020-03-12 16:16:25,2020-03-12 17:16:33,read list write delete,finished,queuing @ 2020-03-12 16:16:25,processing @ 2020-03-12 16:16:25,finished @ 2020-03-12 17:16:33
w366,bb-hybrid,2020-03-15 11:08:20,2020-03-15 11:08:20,2020-03-15 12:02:13,read list write delete,cancelled,queuing @ 2020-03-15 11:08:20,processing @ 2020-03-15 11:08:20,cancelled @ 2020-03-15 12:02:13
w367,bb-hybrid,2020-03-15 13:28:31,2020-03-15 13:28:31,2020-03-15 14:28:40,read list write delete,finished,queuing @ 2020-03-15 13:28:31,processing @ 2020-03-15 13:28:31,finished @ 2020-03-15 14:28:40
w368,bb-hybrid,2020-03-15 14:30:59,2020-03-15 14:30:59,2020-03-15 15:31:12,read list write delete,finished,queuing @ 2020-03-15 14:30:59,processing @ 2020-03-15 14:30:59,finished @ 2020-03-15 15:31:12
w369,bb-hybrid,2020-03-16 09:36:52,2020-03-16 09:36:52,2020-03-16 10:11:48,read list write delete,cancelled,queuing @ 2020-03-16 09:36:52,processing @ 2020-03-16 09:36:52,cancelled @ 2020-03-16 10:11:48
w370,bb-hybrid,2020-03-16 10:22:32,2020-03-16 10:22:32,2020-03-16 11:09:30,read list write delete,cancelled,queuing @ 2020-03-16 10:22:32,processing @ 2020-03-16 10:22:32,cancelled @ 2020-03-16 11:09:30
w371,bb-hybrid,2020-03-16 11:57:13,2020-03-16 11:57:13,2020-03-16 12:49:58,read list write delete,cancelled,queuing @ 2020-03-16 11:57:13,processing @ 2020-03-16 11:57:13,cancelled @ 2020-03-16 12:49:58
w372,bb-hybrid,2020-03-16 13:05:28,2020-03-16 13:05:28,2020-03-16 13:13:39,read list write delete,cancelled,queuing @ 2020-03-16 13:05:28,processing @ 2020-03-16 13:05:28,cancelled @ 2020-03-16 13:13:39
w373,bb-hybrid,2020-03-16 13:35:12,2020-03-16 13:35:12,2020-03-16 14:35:15,read list write delete,finished,queuing @ 2020-03-16 13:35:12,processing @ 2020-03-16 13:35:12,finished @ 2020-03-16 14:35:15
w374,bb-hybrid,2020-03-16 14:42:00,2020-03-16 14:42:00,2020-03-16 14:49:05,read list write delete,cancelled,queuing @ 2020-03-16 14:42:00,processing @ 2020-03-16 14:42:00,cancelled @ 2020-03-16 14:49:05
w375,bb-hybrid,2020-03-16 17:54:51,2020-03-16 17:54:51,2020-03-16 18:08:43,read list write delete,cancelled,queuing @ 2020-03-16 17:54:51,processing @ 2020-03-16 17:54:51,cancelled @ 2020-03-16 18:08:43
w376,bb-hybrid,2020-03-17 08:27:51,2020-03-17 08:27:51,2020-03-17 09:27:54,read list write delete,finished,queuing @ 2020-03-17 08:27:51,processing @ 2020-03-17 08:27:51,finished @ 2020-03-17 09:27:54
w377,bb-hybrid,2020-03-17 09:31:11,2020-03-17 09:31:11,2020-03-17 10:24:14,read list write delete,cancelled,queuing @ 2020-03-17 09:31:11,processing @ 2020-03-17 09:31:11,cancelled @ 2020-03-17 10:24:14
w378,bb-hybrid,2020-03-17 11:51:33,2020-03-17 11:51:33,2020-03-17 12:51:41,read list write delete,finished,queuing @ 2020-03-17 11:51:33,processing @ 2020-03-17 11:51:33,finished @ 2020-03-17 12:51:41
w379,bb-hybrid,2020-03-17 12:53:28,2020-03-17 12:53:28,2020-03-17 13:53:41,read list write delete,finished,queuing @ 2020-03-17 12:53:28,processing @ 2020-03-17 12:53:28,finished @ 2020-03-17 13:53:41
w380,bb-hybrid,2020-03-17 17:54:59,2020-03-17 17:54:59,2020-03-19 17:55:14,read list write delete,finished,queuing @ 2020-03-17 17:54:59,processing @ 2020-03-17 17:54:59,finished @ 2020-03-19 17:55:14
w381,bb-hybrid,2020-03-22 10:39:15,2020-03-22 10:39:15,2020-03-22 10:49:50,read list write delete,cancelled,queuing @ 2020-03-22 10:39:15,processing @ 2020-03-22 10:39:15,cancelled @ 2020-03-22 10:49:50
w382,bb-hybrid,2020-03-22 12:06:37,2020-03-22 12:06:37,2020-03-22 12:12:40,read list write delete,cancelled,queuing @ 2020-03-22 12:06:37,processing @ 2020-03-22 12:06:37,cancelled @ 2020-03-22 12:12:40
w383,bb-hybrid,2020-03-22 13:28:49,2020-03-22 13:28:49,2020-03-22 14:01:49,read list write delete,cancelled,queuing @ 2020-03-22 13:28:49,processing @ 2020-03-22 13:28:49,cancelled @ 2020-03-22 14:01:49
w384,bb-hybrid,2020-03-22 14:39:20,2020-03-22 14:39:20,2020-03-22 15:00:42,read list write delete,cancelled,queuing @ 2020-03-22 14:39:20,processing @ 2020-03-22 14:39:20,cancelled @ 2020-03-22 15:00:42
w385,bb-hybrid,2020-03-22 15:37:52,2020-03-22 15:37:52,2020-03-22 16:31:07,read list write delete,cancelled,queuing @ 2020-03-22 15:37:52,processing @ 2020-03-22 15:37:52,cancelled @ 2020-03-22 16:31:07
w386,bb-hybrid,2020-03-23 17:31:28,2020-03-23 17:31:29,2020-03-23 18:31:47,read list write delete,finished,queuing @ 2020-03-23 17:31:28,processing @ 2020-03-23 17:31:29,finished @ 2020-03-23 18:31:47
w387,bb-hybrid,2020-03-24 09:53:01,2020-03-24 09:53:01,2020-03-24 10:53:09,read list write delete,finished,queuing @ 2020-03-24 09:53:01,processing @ 2020-03-24 09:53:01,finished @ 2020-03-24 10:53:09
w388,bb-hybrid,2020-03-24 12:08:22,2020-03-24 12:08:22,2020-03-24 13:08:30,read list write delete,finished,queuing @ 2020-03-24 12:08:22,processing @ 2020-03-24 12:08:22,finished @ 2020-03-24 13:08:30
w389,bb-hybrid,2020-03-24 13:10:49,2020-03-24 13:10:49,2020-03-24 14:08:35,read list write delete,cancelled,queuing @ 2020-03-24 13:10:49,processing @ 2020-03-24 13:10:49,cancelled @ 2020-03-24 14:08:35
w390,bb-hybrid,2020-03-25 09:27:28,2020-03-25 09:27:28,2020-03-25 09:38:30,read list write delete,cancelled,queuing @ 2020-03-25 09:27:28,processing @ 2020-03-25 09:27:28,cancelled @ 2020-03-25 09:38:30
w391,bb-hybrid,2020-03-25 09:48:21,2020-03-25 09:48:21,2020-03-25 09:55:49,read list write delete,cancelled,queuing @ 2020-03-25 09:48:21,processing @ 2020-03-25 09:48:21,cancelled @ 2020-03-25 09:55:49
w392,bb-hybrid,2020-03-25 10:23:35,2020-03-25 10:23:35,2020-03-25 10:30:43,read list write delete,cancelled,queuing @ 2020-03-25 10:23:35,processing @ 2020-03-25 10:23:35,cancelled @ 2020-03-25 10:30:43
w393,bb-hybrid,2020-03-25 10:34:24,2020-03-25 10:34:24,2020-03-25 10:40:57,read list write delete,cancelled,queuing @ 2020-03-25 10:34:24,processing @ 2020-03-25 10:34:24,cancelled @ 2020-03-25 10:40:57
w395,bb-hybrid,2020-03-25 12:20:13,2020-03-25 12:20:13,2020-03-25 12:23:40,list,cancelled,queuing @ 2020-03-25 12:20:13,processing @ 2020-03-25 12:20:13,cancelled @ 2020-03-25 12:23:40
w396,bb-hybrid,2020-03-25 12:24:23,2020-03-25 12:24:23,2020-03-25 12:26:19,delete,cancelled,queuing @ 2020-03-25 12:24:23,processing @ 2020-03-25 12:24:23,cancelled @ 2020-03-25 12:26:19
w397,bb-hybrid,2020-03-25 12:26:47,2020-03-25 12:26:47,2020-03-25 12:29:15,write,cancelled,queuing @ 2020-03-25 12:26:47,processing @ 2020-03-25 12:26:47,cancelled @ 2020-03-25 12:29:15
w398,bb-hybrid,2020-03-25 12:28:28,2020-03-25 12:29:16,2020-03-25 12:29:20,read,cancelled,queuing @ 2020-03-25 12:28:28,processing @ 2020-03-25 12:29:16,cancelled @ 2020-03-25 12:29:20
w399,bb-hybrid,2020-03-25 13:53:58,2020-03-25 13:53:58,2020-03-25 13:58:44,write,cancelled,queuing @ 2020-03-25 13:53:58,processing @ 2020-03-25 13:53:58,cancelled @ 2020-03-25 13:58:44
w400,bb-hybrid,2020-03-25 14:17:15,2020-03-25 14:17:15,2020-03-25 14:23:11,write,cancelled,queuing @ 2020-03-25 14:17:15,processing @ 2020-03-25 14:17:15,cancelled @ 2020-03-25 14:23:11
w401,bb-hybrid,2020-03-25 15:52:13,2020-03-25 15:52:13,2020-03-25 16:05:47,write,cancelled,queuing @ 2020-03-25 15:52:13,processing @ 2020-03-25 15:52:13,cancelled @ 2020-03-25 16:05:47
w402,bb-hybrid,2020-03-25 17:21:02,2020-03-25 17:21:02,2020-03-25 17:51:06,read list write delete,finished,queuing @ 2020-03-25 17:21:02,processing @ 2020-03-25 17:21:02,finished @ 2020-03-25 17:51:06
w403,bb-hybrid,2020-03-26 08:15:26,2020-03-26 08:15:26,2020-03-26 08:45:29,read list write delete,finished,queuing @ 2020-03-26 08:15:26,processing @ 2020-03-26 08:15:26,finished @ 2020-03-26 08:45:29
w404,bb-hybrid,2020-03-26 10:29:11,2020-03-26 10:29:11,2020-03-26 10:32:56,write,cancelled,queuing @ 2020-03-26 10:29:11,processing @ 2020-03-26 10:29:11,cancelled @ 2020-03-26 10:32:56
w405,bb-hybrid,2020-03-26 10:38:36,2020-03-26 10:38:36,2020-03-26 10:39:03,read list write delete,cancelled,queuing @ 2020-03-26 10:38:36,processing @ 2020-03-26 10:38:36,cancelled @ 2020-03-26 10:39:03
w406,bb-fill,2020-03-26 10:39:12,2020-03-26 10:39:12,2020-03-26 13:27:23,init prepare,finished,queuing @ 2020-03-26 10:39:12,processing @ 2020-03-26 10:39:12,finished @ 2020-03-26 13:27:23
